X,Y,veg2010,TRI,snowcov,HFI2012
407994.1485,6078465,213.67192,2.37329,0,126.05403
411994.1485,6078465,186.55138,1.41203,0,126.09425
415994.1485,6078465,200.5223,0.92603,0,126.4066
419994.1485,6078465,199.38046,1.09584,0,123.44895
423994.1485,6078465,210.67989,2.01074,0,122.88578
427994.1485,6078465,216.0396,2.08411,0.01754,126.8896
431994.1485,6078465,206.68637,3.30181,0.02174,127.73262
435994.1485,6078465,216.68834,1.40352,0,126.34334
399994.1485,6074465,164.08211,4.80623,0,126.99762
403994.1485,6074465,155.53108,2.34805,0,105.66688
407994.1485,6074465,201.36084,3.11129,0,123.40249
411994.1485,6074465,214.47321,2.15483,0,113.74185
415994.1485,6074465,202.60947,1.85804,0,118.08335
419994.1485,6074465,205.07694,1.58577,0,109.16607
423994.1485,6074465,195.66491,1.79318,0,113.43544
427994.1485,6074465,203.56988,3.49344,0,121.32838
431994.1485,6074465,205.31522,2.40409,0,127.34387
435994.1485,6074465,202.33657,2.75196,0,119.9887
439994.1485,6074465,184.06537,3.30582,0,110.92682
443994.1485,6074465,202.17887,2.19279,0,122.30571
395994.1485,6070465,201.44294,1.76234,0,101.38804
399994.1485,6070465,186.90562,3.4798,0,101.13853
403994.1485,6070465,182.41467,5.05279,0,124.31549
407994.1485,6070465,195.89293,2.73768,0,108.8703
411994.1485,6070465,212.83665,2.37579,0,115.99472
415994.1485,6070465,206.29325,1.91379,0,115.19814
419994.1485,6070465,184.64161,2.79687,0,116.82112
423994.1485,6070465,200.42725,2.15939,0,117.84064
427994.1485,6070465,197.29464,4.15816,0,127.14641
431994.1485,6070465,214.74224,2.11793,0,126.59305
435994.1485,6070465,212.17974,2.17964,0,127.01153
439994.1485,6070465,213.07508,2.95546,0,113.23548
443994.1485,6070465,210.25699,1.91586,0.03125,118.6923
447994.1485,6070465,214.13576,1.64871,0,126.24409
391994.1485,6066465,194.13661,3.1477,0,81.61269
395994.1485,6066465,142.0591,1.98924,0,102.91691
399994.1485,6066465,166.80256,3.3671,0.01563,90.81475
403994.1485,6066465,177.96918,4.85402,0,99.66071
407994.1485,6066465,191.33253,3.05975,0,94.8085
411994.1485,6066465,171.72415,1.59071,0,105.64418
415994.1485,6066465,189.54425,1.81898,0.01563,117.65699
419994.1485,6066465,214.32019,2.37587,0,114.12054
423994.1485,6066465,192.51009,3.20606,0,123.19786
427994.1485,6066465,203.52523,2.66442,0,123.86254
431994.1485,6066465,206.57842,1.63241,0,123.62589
435994.1485,6066465,210.48323,2.20434,0,120.69363
439994.1485,6066465,186.23882,2.69031,0,103.59379
443994.1485,6066465,195.62818,2.6761,0.14063,119.55974
447994.1485,6066465,196.79915,2.52089,0.14063,119.95998
451994.1485,6066465,214.31438,4.46299,0,125.01531
391994.1485,6062465,150.33606,2.69243,0,73.48109
395994.1485,6062465,148.58071,3.14049,0,90.35307
399994.1485,6062465,181.57878,7.19392,0,112.3099
403994.1485,6062465,169.224,5.64745,0,123.5153
407994.1485,6062465,191.32739,4.47113,0.0625,118.01574
411994.1485,6062465,192.24016,1.9771,0,107.18952
415994.1485,6062465,172.19375,2.05357,0.04688,114.82349
419994.1485,6062465,195.23148,3.04322,0,105.54717
423994.1485,6062465,204.16682,3.65992,0,116.23059
427994.1485,6062465,195.71721,1.98896,0.04688,119.40751
431994.1485,6062465,209.83719,2.2036,0,125.52585
435994.1485,6062465,213.20918,2.02768,0,126.17764
439994.1485,6062465,196.57793,2.07219,0.01563,119.07255
443994.1485,6062465,207.32099,3.30967,0.04688,115.53705
447994.1485,6062465,201.02539,3.47064,0,109.65019
451994.1485,6062465,200.12153,3.66513,0,124.61254
455994.1485,6062465,200.08454,2.3822,0,120.09796
387994.1485,6058465,201.346,3.4433,0,89.56391
391994.1485,6058465,178.59491,3.85027,0.01563,109.63133
395994.1485,6058465,164.70846,5.93844,0,119.29254
399994.1485,6058465,196.58207,5.86702,0,116.34977
403994.1485,6058465,173.16545,5.38042,0.04688,117.53082
407994.1485,6058465,174.26506,2.85376,0.03125,99.37147
411994.1485,6058465,145.1052,3.37718,0.05357,94.78828
415994.1485,6058465,189.90668,3.29247,0.03125,109.65422
419994.1485,6058465,199.05908,3.34877,0,117.8348
423994.1485,6058465,182.55924,2.67051,0.01563,124.99313
427994.1485,6058465,192.8979,2.28829,0.09375,119.77834
431994.1485,6058465,211.93455,4.69265,0,126.6657
435994.1485,6058465,216.26832,3.98759,0.04688,124.24543
439994.1485,6058465,218.85908,4.03031,0.21875,126.72965
443994.1485,6058465,216.49689,3.73096,0,118.34235
447994.1485,6058465,206.52624,4.21047,0,121.83031
451994.1485,6058465,193.3486,4.65493,0,124.02254
455994.1485,6058465,211.37733,3.91495,0,118.48563
387994.1485,6054465,199.9457,5.49735,0,109.77014
391994.1485,6054465,166.46467,6.54143,0,114.40477
395994.1485,6054465,161.71056,3.35353,0,98.7153
399994.1485,6054465,184.02508,3.42141,0,100.9486
403994.1485,6054465,193.22306,8.22008,0.04688,115.76949
407994.1485,6054465,180.8736,2.62422,0,115.88407
411994.1485,6054465,155.62189,2.11766,0,116.21033
415994.1485,6054465,190.69891,2.42559,0,117.78587
419994.1485,6054465,189.67407,3.20238,0.04688,118.71448
423994.1485,6054465,180.53781,2.48476,0.04688,118.62589
427994.1485,6054465,199.22345,3.79466,0,126.96566
431994.1485,6054465,216.29658,3.98914,0,125.05136
435994.1485,6054465,214.29464,3.31867,0.03125,104.1429
439994.1485,6054465,176.22298,4.19922,0.35938,44.15151
443994.1485,6054465,202.43595,4.3415,0.01563,91.61645
447994.1485,6054465,211.82935,5.21695,0,120.07558
451994.1485,6054465,203.71778,4.85068,0.07813,122.22418
455994.1485,6054465,204.75753,3.79824,0,115.41269
459994.1485,6054465,184.26798,4.05697,0,103.32851
383994.1485,6050465,214.85955,5.53853,0,126.94537
387994.1485,6050465,210.49599,6.04922,0.01563,126.71176
391994.1485,6050465,198.57873,2.93633,0,104.85255
395994.1485,6050465,173.94876,3.01429,0,89.13358
399994.1485,6050465,179.6125,3.29436,0,87.98649
403994.1485,6050465,164.52911,9.13339,0.0625,103.30299
407994.1485,6050465,190.1382,6.27551,0.01563,120.0922
411994.1485,6050465,208.65295,1.74469,0,125.06968
415994.1485,6050465,177.1413,1.43013,0,93.10807
419994.1485,6050465,178.34643,1.98715,0,100.71704
423994.1485,6050465,138.41487,2.63205,0,61.21258
427994.1485,6050465,173.49123,4.99045,0,117.80985
431994.1485,6050465,213.8809,4.05706,0.04688,118.08509
435994.1485,6050465,213.39946,4.1987,0.03125,120.82585
439994.1485,6050465,179.89876,2.51831,0.17188,100.07818
443994.1485,6050465,196.94208,3.29212,0.5625,47.14336
447994.1485,6050465,212.49231,4.55429,0.17188,37.08696
451994.1485,6050465,208.91227,4.80665,0.17188,67.31114
455994.1485,6050465,192.41071,3.87984,0,106.35796
459994.1485,6050465,198.83408,3.09486,0,117.70809
383994.1485,6046465,192.16132,5.68887,0,110.53519
387994.1485,6046465,179.78835,3.68786,0.03125,62.5632
391994.1485,6046465,181.79107,3.61772,0,84.61576
395994.1485,6046465,181.94286,2.19077,0.0625,107.01813
399994.1485,6046465,154.49076,4.78411,0,88.50152
403994.1485,6046465,176.63905,6.86332,0,115.97605
407994.1485,6046465,169.76262,9.66644,0.09375,98.34418
411994.1485,6046465,168.13082,7.99175,0.01786,108.91832
415994.1485,6046465,170.34099,3.38983,0,102.08574
419994.1485,6046465,139.08214,2.93482,0.09375,93.35031
423994.1485,6046465,123.76413,3.63943,0.1875,98.58832
427994.1485,6046465,171.79573,3.73608,0,122.9684
431994.1485,6046465,182.89418,3.0238,0.14063,69.76426
435994.1485,6046465,198.73059,3.77179,0.59375,106.86531
439994.1485,6046465,184.5639,3.57055,0.5625,86.68047
443994.1485,6046465,141.79868,4.75872,0.67188,49.47259
447994.1485,6046465,133.26568,6.56057,0.45313,52.90242
451994.1485,6046465,191.89216,5.55604,0.125,90.81258
455994.1485,6046465,185.60648,5.55604,0,79.56234
459994.1485,6046465,163.56118,2.85241,0.04688,63.1731
379994.1485,6042465,161.62564,5.33255,0,76.24743
383994.1485,6042465,166.10716,4.66764,0,102.39798
387994.1485,6042465,166.70481,3.30894,0,80.60982
391994.1485,6042465,155.12073,2.72179,0.11111,71.29486
395994.1485,6042465,131.44666,1.86825,1.58333,104.01661
399994.1485,6042465,160.16366,3.11716,0.20833,84.83575
403994.1485,6042465,158.53967,2.84262,0.01389,80.08416
407994.1485,6042465,181.57057,6.82325,0.05556,117.61464
411994.1485,6042465,179.3993,2.58224,0.09524,76.92776
415994.1485,6042465,179.81541,7.58923,0.08333,92.54728
419994.1485,6042465,182.32667,1.54068,0.23611,92.96219
423994.1485,6042465,187.6118,2.61749,0.04167,86.53292
427994.1485,6042465,195.72236,3.43801,0.02778,97.70159
431994.1485,6042465,189.75699,3.12501,0.31944,108.08032
435994.1485,6042465,200.59899,3.5561,0.56944,101.98401
439994.1485,6042465,191.43525,3.25552,0.76389,104.87496
443994.1485,6042465,182.95769,5.38979,0.15278,113.38949
447994.1485,6042465,168.59418,5.17653,0.11111,106.01793
451994.1485,6042465,161.11809,3.7277,0.02778,90.93998
455994.1485,6042465,191.8955,4.94568,0,94.51786
459994.1485,6042465,157.32026,3.39082,0,80.26619
375994.1485,6038465,198.16568,5.30138,0,100.71981
379994.1485,6038465,161.03767,5.26264,0.01818,65.95274
383994.1485,6038465,165.55699,4.47297,0,92.36137
387994.1485,6038465,176.77531,3.868,0.21875,88.15691
391994.1485,6038465,162.71724,3.53854,0,65.48949
395994.1485,6038465,172.42911,3.21279,0,63.91568
399994.1485,6038465,153.31258,2.96589,0,62.20074
403994.1485,6038465,141.16879,4.65082,0.15625,89.37376
407994.1485,6038465,169.34309,5.67715,0.34375,106.48042
411994.1485,6038465,168.91227,3.86766,0.17857,84.51914
415994.1485,6038465,192.68377,9.06086,0.07813,120.71782
419994.1485,6038465,164.85613,4.63688,0.14063,106.52624
423994.1485,6038465,147.04061,4.63688,0,115.2467
427994.1485,6038465,188.09037,4.82893,0.10938,95.4445
431994.1485,6038465,204.20186,4.92842,0.48438,104.9387
435994.1485,6038465,203.0361,4.02,0.35938,121.85082
439994.1485,6038465,208.58618,3.78547,0.59375,120.4618
443994.1485,6038465,197.99165,4.16564,0.10938,119.30836
447994.1485,6038465,195.96056,3.4204,0.23438,115.22616
451994.1485,6038465,192.22376,1.47859,0.53125,113.53824
455994.1485,6038465,168.10512,4.08889,0,93.12776
459994.1485,6038465,149.35807,4.1932,0,103.25126
371994.1485,6034465,173.74441,7.20456,0.625,43.02031
375994.1485,6034465,131.84825,5.65837,0.22449,67.23528
379994.1485,6034465,180.39775,5.34175,0.0625,76.65854
383994.1485,6034465,177.05606,5.1148,0.17188,86.09313
387994.1485,6034465,184.2823,3.57538,0.125,51.6731
391994.1485,6034465,178.8205,4.70263,0.14063,63.62085
395994.1485,6034465,180.70194,3.72514,0,70.38657
399994.1485,6034465,167.78222,4.50978,0.03125,49.48412
403994.1485,6034465,176.4125,6.72793,0.25,84.41413
407994.1485,6034465,163.25543,6.72793,0,68.28595
411994.1485,6034465,160.6507,5.43908,0.05357,110.43564
415994.1485,6034465,198.01724,9.45038,0.17188,112.33995
419994.1485,6034465,179.33439,6.88216,0.03125,109.39499
423994.1485,6034465,200.5104,5.83451,0,113.04767
427994.1485,6034465,206.30753,6.01419,0.03125,121.27873
431994.1485,6034465,200.18214,4.30799,0.17188,99.07481
435994.1485,6034465,178.33995,5.16821,0.07813,86.00349
439994.1485,6034465,179.31588,4.8544,0.15625,100.4554
443994.1485,6034465,197.23339,3.25889,0.42188,107.36017
447994.1485,6034465,182.98851,2.09022,0.1875,120.47748
451994.1485,6034465,191.66786,2.19339,0.26563,111.7736
455994.1485,6034465,165.66102,4.07403,0,107.35905
459994.1485,6034465,179.63734,2.82322,0,116.21689
363994.1485,6030465,194.35589,9.34024,0.16667,66.98375
367994.1485,6030465,191.61954,4.69097,0.91304,61.67804
371994.1485,6030465,144.48791,4.08598,1.28125,68.13121
375994.1485,6030465,118.33711,4.09951,0.82813,80.94244
379994.1485,6030465,122.6598,3.72614,0.26563,44.34014
383994.1485,6030465,143.98102,4.38759,0.23438,59.00171
387994.1485,6030465,165.29799,3.79573,0.07813,36.76553
391994.1485,6030465,191.19992,3.79573,0.1875,75.10501
395994.1485,6030465,188.58086,3.91529,0.01563,84.56184
399994.1485,6030465,144.48202,6.06296,0,55.92845
403994.1485,6030465,190.22716,6.25504,0.375,61.45016
407994.1485,6030465,136.48233,5.23083,0,85.04352
411994.1485,6030465,161.65633,8.12326,0.125,107.92488
415994.1485,6030465,198.07438,9.69465,0.04688,118.60377
419994.1485,6030465,184.6784,7.42505,0,100.94577
423994.1485,6030465,179.53434,6.55138,0,97.56751
427994.1485,6030465,167.35556,4.39455,0.35938,85.4697
431994.1485,6030465,165.6919,4.44404,0.32813,79.96339
435994.1485,6030465,125.89599,4.52342,0.57813,77.37935
439994.1485,6030465,131.89082,6.13681,0.57813,89.95788
443994.1485,6030465,166.08796,5.39627,0.76563,106.98368
447994.1485,6030465,175.82153,3.62888,0.34375,104.07776
451994.1485,6030465,183.09105,2.33382,0.0625,107.63571
455994.1485,6030465,145.87932,3.69777,0,111.82271
459994.1485,6030465,198.16281,1.88217,0.17188,123.66425
359994.1485,6026465,201.67574,6.95114,0.5,97.89927
363994.1485,6026465,165.19232,4.86556,1.12963,77.81148
367994.1485,6026465,158.47686,2.86598,1.3125,80.98414
371994.1485,6026465,141.26165,3.56942,0.96875,73.26305
375994.1485,6026465,141.7153,3.56942,0.34375,87.3788
379994.1485,6026465,127.26786,4.35975,0.0625,65.00613
383994.1485,6026465,116.95419,4.44734,0,74.90664
387994.1485,6026465,118.70714,4.7162,0.45313,51.96117
391994.1485,6026465,185.68983,5.37067,0.1875,64.89084
395994.1485,6026465,184.1455,4.64232,0,87.65727
399994.1485,6026465,168.26134,6.27566,0,71.46453
403994.1485,6026465,183.54907,6.27465,0,92.7477
407994.1485,6026465,190.93043,9.29503,0,107.35761
411994.1485,6026465,202.84045,6.64326,0,98.18871
415994.1485,6026465,197.68742,7.23957,0.01563,80.18047
419994.1485,6026465,143.25675,8.08198,0.29688,78.99762
423994.1485,6026465,154.02399,6.75749,0.35938,105.82762
427994.1485,6026465,159.88905,4.25842,0.14063,93.33117
431994.1485,6026465,123.69526,6.02286,0.92188,71.6723
435994.1485,6026465,111.64852,5.09721,0.9375,66.3982
439994.1485,6026465,179.42783,5.88935,1,103.50254
443994.1485,6026465,186.29581,7.13786,0.9375,95.34181
447994.1485,6026465,165.99363,3.55809,0.51563,95.98223
451994.1485,6026465,159.1955,3.48935,0.0625,114.47797
455994.1485,6026465,176.46693,3.29964,0.09375,120.18461
459994.1485,6026465,178.65295,3.19156,0.34375,87.59994
351994.1485,6022465,211.13947,8.37954,1.05,127.18846
355994.1485,6022465,199.22262,8.44649,0.54348,126.38773
359994.1485,6022465,193.62743,8.44649,1.13333,119.81324
363994.1485,6022465,174.1413,5.64542,1.23438,103.43979
367994.1485,6022465,167.29193,6.4249,0.4375,87.49818
371994.1485,6022465,140.82438,5.41484,1.01563,77.71378
375994.1485,6022465,167.29488,3.8858,0.5,103.67559
379994.1485,6022465,161.35295,5.31576,0.04688,104.51056
383994.1485,6022465,152.85272,5.63987,0,96.783
387994.1485,6022465,114.98804,6.41448,0.01563,69.59577
391994.1485,6022465,170.3677,7.88783,0.03125,88.94861
395994.1485,6022465,174.65893,7.15061,0,75.37446
399994.1485,6022465,164.38051,8.27977,0.07813,64.71316
403994.1485,6022465,166.08929,7.74011,0.14063,109.09425
407994.1485,6022465,194.28948,7.15802,0.07813,98.3479
411994.1485,6022465,200.43043,8.50263,0.125,102.26727
415994.1485,6022465,173.28975,8.73109,0.875,102.6948
419994.1485,6022465,204.63665,6.90513,0.95313,127.89852
423994.1485,6022465,209.04387,7.16097,0.3125,113.79689
427994.1485,6022465,180.89821,6.76977,0.03125,90.0669
431994.1485,6022465,165.51025,5.81569,1.03125,95.74488
435994.1485,6022465,160.38936,5.26121,1.17188,95.68315
439994.1485,6022465,157.58012,6.60205,1,89.07438
443994.1485,6022465,149.96801,5.9195,0.65625,100.65707
447994.1485,6022465,152.27399,5.34198,0.25,111.74301
451994.1485,6022465,187.57935,5.88984,0.32813,120.99876
455994.1485,6022465,192.56467,4.82284,0.34375,116.03467
343994.1485,6018465,199.73835,10.03897,1.93333,124.48899
347994.1485,6018465,198.28348,10.36645,1.20408,125.53945
351994.1485,6018465,196.12776,10.25276,0.90625,124.56964
355994.1485,6018465,185.42865,10.35837,0.1875,127.83929
359994.1485,6018465,177.9229,8.43703,0.28125,128
363994.1485,6018465,195.21335,8.68446,0.26563,106.6679
367994.1485,6018465,179.24876,9.33657,0.29688,109.37015
371994.1485,6018465,160.92585,9.97932,0.59375,106.375
375994.1485,6018465,145.16491,5.12057,0.46875,96.11851
379994.1485,6018465,165.68548,7.20991,0.14063,103.18241
383994.1485,6018465,180.31661,6.02752,0.01563,115.24616
387994.1485,6018465,135.31739,9.17848,0,94.14301
391994.1485,6018465,127.54503,7.61593,0.04688,84.01501
395994.1485,6018465,141.94301,5.66907,0.03125,86.82686
399994.1485,6018465,148.90683,7.70098,0.26563,72.29806
403994.1485,6018465,167.59243,9.02478,0.09375,101.67776
407994.1485,6018465,196.74363,8.34334,0.09375,73.5482
411994.1485,6018465,194.75831,9.58887,0.42857,93.84891
415994.1485,6018465,162.40621,7.10929,1.625,113.2184
419994.1485,6018465,213.74534,8.33995,0.6875,124.59414
423994.1485,6018465,192.5837,7.7193,0.67188,103.90311
427994.1485,6018465,175.56685,6.35379,1.29688,107.11003
431994.1485,6018465,171.32228,3.21271,1.15625,77.86269
435994.1485,6018465,167.10893,4.90778,1.07813,121.23894
439994.1485,6018465,194.12484,6.01074,0.65625,124.787
443994.1485,6018465,194.98913,6.75891,0.51563,110.64797
447994.1485,6018465,168.52197,4.90789,0.4375,109.1396
451994.1485,6018465,191.41188,6.37387,0.64063,119.93183
455994.1485,6018465,207.49689,6.32694,0.51563,124.0615
307994.1485,6014465,196.18516,29.85768,4.78571,128
311994.1485,6014465,188.39036,16.32417,3.40909,123.05507
315994.1485,6014465,187.96453,13.84213,1.23077,111.02203
339994.1485,6014465,181.87508,13.81189,0.09091,127.78821
343994.1485,6014465,189.2522,9.29388,0.46032,127.59012
347994.1485,6014465,194.34581,8.03882,0.14063,121.7934
351994.1485,6014465,194.60411,8.42087,0.125,126.03078
355994.1485,6014465,169.03587,7.40147,0.07813,124.98492
359994.1485,6014465,196.86762,7.41615,0.26563,127.53222
363994.1485,6014465,201.64658,9.26154,0.45313,125.73074
367994.1485,6014465,191.54247,10.25587,0.09375,126.14313
371994.1485,6014465,191.25567,9.90551,0.125,125.02254
375994.1485,6014465,159.89969,9.74,0.1875,115.41048
379994.1485,6014465,171.30287,8.74653,0,124.89
383994.1485,6014465,149.19697,9.71364,0.07813,91.98262
387994.1485,6014465,148.28137,9.0861,0.125,80.32
391994.1485,6014465,155.992,7.68957,0.34375,94.69526
395994.1485,6014465,175.86498,8.49188,0.01563,91.5991
399994.1485,6014465,150.27174,8.45056,0.07813,97.41637
403994.1485,6014465,177.84585,8.78001,0.03125,105.37965
407994.1485,6014465,201.64627,8.26434,0.34375,105.0712
411994.1485,6014465,176.2915,8.63818,1.94643,95.00484
415994.1485,6014465,185.90505,8.52463,1.1875,109.35527
419994.1485,6014465,187.14286,7.83871,0.125,87.52891
423994.1485,6014465,146.2764,7.51045,0.96875,92.06152
427994.1485,6014465,150.69682,4.84295,1.35938,92.22465
431994.1485,6014465,165.23486,4.65948,0.5625,125.0934
435994.1485,6014465,194.52407,3.55788,1.1875,125.31926
439994.1485,6014465,201.82741,5.74156,0.84375,126.8532
443994.1485,6014465,191.54775,5.54093,0.85938,120.40819
447994.1485,6014465,168.41366,4.93836,0.78125,119.84449
451994.1485,6014465,203.72197,6.68244,0.57813,127.31979
307994.1485,6010465,171.25725,20.05898,8.5,128
311994.1485,6010465,150.58315,20.05898,7.76563,127.9236
315994.1485,6010465,196.26149,23.56424,3.375,124.09942
319994.1485,6010465,179.21923,23.06421,5.60938,126.38517
323994.1485,6010465,130.86288,17.24797,7.32759,128
327994.1485,6010465,208.73867,16.79062,3.14286,127.78645
331994.1485,6010465,193.10839,11.73557,0.75,125.88932
335994.1485,6010465,175.21918,7.88515,0,127.69515
339994.1485,6010465,198.82073,16.84748,1.64063,127.4035
343994.1485,6010465,164.65272,13.51346,1.3125,125.87364
347994.1485,6010465,149.92205,11.50609,0.34375,104.09286
351994.1485,6010465,152.30761,11.8743,0.04688,124.72636
355994.1485,6010465,181.61095,8.7798,1.14063,125.16708
359994.1485,6010465,188.64262,10.16358,1.25,126.24119
363994.1485,6010465,201.87314,10.58972,1.54688,126.30936
367994.1485,6010465,200.32585,11.72214,0.73438,125.63276
371994.1485,6010465,193.07438,12.05988,0.25,118.37477
375994.1485,6010465,185.1177,10.10137,0.39063,121.76482
379994.1485,6010465,159.85559,8.41784,0.04688,86.767
383994.1485,6010465,139.42415,9.91424,0.03125,75.57061
387994.1485,6010465,149.44208,9.1294,0.14063,83.92527
391994.1485,6010465,155.21739,8.09703,0.46875,87.86038
395994.1485,6010465,161.05738,8.06104,0.5625,93.74534
399994.1485,6010465,187.99309,9.86716,0.125,123.51316
403994.1485,6010465,198.20807,10.58749,0.0625,119.56588
407994.1485,6010465,193.00714,8.52203,0.67188,97.25219
411994.1485,6010465,175.0712,8.30498,1.33929,90.5842
415994.1485,6010465,174.60217,8.41873,1,91.30967
419994.1485,6010465,151.62065,8.40469,1.21875,88.9007
423994.1485,6010465,143.19573,4.62362,2.15625,75.03882
427994.1485,6010465,159.09596,3.88835,1.59375,119.24656
431994.1485,6010465,203.07686,3.51919,1.89063,127.46359
435994.1485,6010465,199.68385,5.34841,1.32813,125.96483
439994.1485,6010465,207.65171,7.62237,1.15625,126.64041
443994.1485,6010465,203.37919,3.75966,1.26563,125.19058
447994.1485,6010465,200.7604,2.25908,1.04688,125.06619
307994.1485,6006465,79.98628,21.77081,11.35938,128
311994.1485,6006465,186.84014,15.48999,8.89063,128
315994.1485,6006465,124.92679,28.12365,9.96875,128
319994.1485,6006465,147.3639,29.32734,10.14063,128
323994.1485,6006465,176.6448,17.78906,9.46875,128
327994.1485,6006465,162.64674,16.63458,5.76563,128
331994.1485,6006465,199.48533,16.3007,0.84375,126.8896
335994.1485,6006465,200.4837,12.33162,0.59375,125.31324
339994.1485,6006465,197.99658,14.30096,1.9375,125.70271
343994.1485,6006465,193.85559,17.25961,4.1875,126.73898
347994.1485,6006465,176.36227,14.7967,1.82813,126.7547
351994.1485,6006465,187.3837,13.03217,0.60938,125.61215
355994.1485,6006465,198.12741,10.78828,0.96875,126.59115
359994.1485,6006465,203.95668,11.96,3.5,125.35925
363994.1485,6006465,201.07143,9.37642,2.89063,126.01029
367994.1485,6006465,192.61988,9.99343,1.57813,117.74798
371994.1485,6006465,172.62733,10.5214,1.26563,109.55082
375994.1485,6006465,157.87275,9.56797,0.39063,98.17341
379994.1485,6006465,165.17966,9.32118,0.1875,97.79658
383994.1485,6006465,149.70334,9.86762,0.26563,92.77209
387994.1485,6006465,151.56429,9.03819,0.14063,86.2755
391994.1485,6006465,153.65171,7.31262,0.21875,77.20713
395994.1485,6006465,183.66398,10.80876,0.09375,125.82539
399994.1485,6006465,203.92182,10.23708,0,122.16774
403994.1485,6006465,211.26739,12.55327,0.15625,126.01817
407994.1485,6006465,198.17321,10.11446,1.28125,92.54392
411994.1485,6006465,206.73602,7.95488,1.67857,94.688
415994.1485,6006465,133.09317,9.69603,1.3125,68.38863
419994.1485,6006465,146.11693,7.67954,2.14063,89.55113
423994.1485,6006465,134.60248,2.74004,2.71875,94.94146
427994.1485,6006465,194.60854,2.88694,1.5625,121.63643
431994.1485,6006465,202.04984,3.07945,1.3125,115.86149
435994.1485,6006465,206.64356,3.62728,1.0625,127.56172
439994.1485,6006465,210.49146,2.1775,0.75,127.36141
443994.1485,6006465,198.36149,2.69393,1.625,125.4168
447994.1485,6006465,192.03284,3.28289,1.4375,127.67882
303994.1485,6002465,166.57895,0,8.25,128
307994.1485,6002465,159.54984,7.18078,10.125,127.99514
311994.1485,6002465,190.7684,9.76352,9.03125,127.99511
315994.1485,6002465,122.71203,16.03912,10.73438,128
319994.1485,6002465,89.1611,21.32524,11.625,128
323994.1485,6002465,102.90148,25.71209,11.0625,128
327994.1485,6002465,199.85489,18.40101,6.0625,128
331994.1485,6002465,198.63393,13.44495,0.4375,128
335994.1485,6002465,207.31328,11.40988,1.0625,127.99511
339994.1485,6002465,202.42469,10.51381,3.3125,127.0826
343994.1485,6002465,194.4236,15.6743,2.35938,126.36638
347994.1485,6002465,191.30776,16.20818,3.53125,125.6757
351994.1485,6002465,196.22702,15.49278,1.03125,126.74158
355994.1485,6002465,202.2611,13.32384,2.26563,124.75074
359994.1485,6002465,189.39565,6.65879,2.15625,127.32865
363994.1485,6002465,153.08439,5.14637,1.32813,119.43863
367994.1485,6002465,188.92143,8.99903,1.32813,126.72752
371994.1485,6002465,196.3538,10.10962,0.53125,127.03397
375994.1485,6002465,187.26522,11.85712,0.09375,128
379994.1485,6002465,187.97182,10.32159,0.1875,109.98835
383994.1485,6002465,162.97321,8.35482,0.625,112.28599
387994.1485,6002465,172.26825,10.41809,0.57813,109.22255
391994.1485,6002465,192.11374,12.66388,0.03125,123.23055
395994.1485,6002465,198.7861,12.23491,0.10938,110.99472
399994.1485,6002465,160.08812,11.02361,0.20313,95.0929
403994.1485,6002465,201.1611,10.77674,0.76563,103.00361
407994.1485,6002465,201.31266,5.26734,1.0625,109.09155
411994.1485,6002465,191.10714,7.91199,1,106.6769
415994.1485,6002465,135.81894,7.27959,0.84375,83.83183
419994.1485,6002465,140.34969,5.80345,2.01563,79.92997
423994.1485,6002465,141.58315,2.7811,2.73438,82.82034
427994.1485,6002465,154.54829,2.57574,1.67188,85.63879
431994.1485,6002465,159.80163,3.27577,1.57813,114.1729
435994.1485,6002465,203.53773,2.21196,1.15625,125.20423
439994.1485,6002465,207.17679,3.61277,1.03125,126.82244
443994.1485,6002465,198.9354,3.03161,1.28125,127.36496
303994.1485,5998465,194.2547,0,9.375,128
307994.1485,5998465,199.33758,19.69346,6.79688,128
311994.1485,5998465,201.59915,11.08915,4.8125,128
315994.1485,5998465,204.77739,11.25082,2.20313,128
319994.1485,5998465,208.19699,9.63863,4.23438,128
323994.1485,5998465,186.18642,13.8961,5.39063,128
327994.1485,5998465,190.77894,16.52447,2.17188,128
331994.1485,5998465,202.03966,13.75975,1.28125,128
335994.1485,5998465,203.42793,12.11043,2.75,128
339994.1485,5998465,202.84846,19.0515,1.6875,128
343994.1485,5998465,193.81752,19.56506,0.60938,128
347994.1485,5998465,188.85424,16.9146,0.70313,127.73785
351994.1485,5998465,195.20679,16.16969,0.79688,127.09608
355994.1485,5998465,194.28619,14.16127,3.4375,123.88653
359994.1485,5998465,193.28673,8.36471,3.34375,124.32533
363994.1485,5998465,157.02731,6.77333,2.375,98.34841
367994.1485,5998465,162.50424,10.54187,2.375,117.41906
371994.1485,5998465,201.61767,12.72999,0.98438,128
375994.1485,5998465,198.6713,8.08383,1.17188,126.79711
379994.1485,5998465,179.94406,7.28174,0.98438,124.67508
383994.1485,5998465,186.44668,11.72344,0,124.74348
387994.1485,5998465,176.87658,12.05222,0,105.69643
391994.1485,5998465,182.55255,10.65718,0.28125,107.03248
395994.1485,5998465,154.52778,11.13071,0.78125,89.59577
399994.1485,5998465,174.50671,9.9679,0.25,104.7703
403994.1485,5998465,131.97014,9.21543,1.67188,73.83971
407994.1485,5998465,140.9669,7.42455,1.1875,74.53844
411994.1485,5998465,147.40941,6.70435,1.14286,86.72504
415994.1485,5998465,174.64035,8.20095,1.4375,98.91157
419994.1485,5998465,135.37068,4.14125,1.85938,81.19092
423994.1485,5998465,120.33511,3.05589,2.0625,61.57884
427994.1485,5998465,132.93534,3.56142,0.76563,77.43602
431994.1485,5998465,201.33642,4.43344,1.04688,122.27682
435994.1485,5998465,197.32832,2.90207,1.48438,125.66025
439994.1485,5998465,206.01412,2.44255,0.75,126.3163
443994.1485,5998465,200.46073,3.16019,0.92188,127.47599
303994.1485,5994465,152.47984,0,9.375,128
307994.1485,5994465,177.47811,16.72039,8.39063,128
311994.1485,5994465,198.59643,25.79083,6.34375,128
315994.1485,5994465,207.97244,15.07512,3.5,128
319994.1485,5994465,199.40839,9.21096,3.03125,128
323994.1485,5994465,200.06366,10.38176,2,128
327994.1485,5994465,204.08913,18.05798,2.54688,128
331994.1485,5994465,179.2882,18.83915,6.67188,128
335994.1485,5994465,209.00078,16.7588,4,128
339994.1485,5994465,169.2837,26.91017,6.28125,128
343994.1485,5994465,149.91102,25.06269,7.03125,127.4675
347994.1485,5994465,205.01708,20.43147,3.5625,127.90074
351994.1485,5994465,200.19402,14.8814,2.67188,122.8316
355994.1485,5994465,204.53416,17.11432,2.20313,127.99016
359994.1485,5994465,174.57422,16.26814,5.01563,112.40384
363994.1485,5994465,159.00101,8.75207,2.09375,97.44781
367994.1485,5994465,175.04876,15.81315,0.95313,123.17188
371994.1485,5994465,194.41359,13.74516,0.03125,122.92363
375994.1485,5994465,195.1382,14.27843,0.51563,122.59837
379994.1485,5994465,184.94759,11.73336,0.375,126.18113
383994.1485,5994465,190.55062,11.21901,0.14063,104.28266
387994.1485,5994465,179.11366,9.60215,0.20313,98.89246
391994.1485,5994465,176.10016,11.75624,0.95313,91.81079
395994.1485,5994465,135.78199,10.48166,1.46875,83.8193
399994.1485,5994465,145.58665,10.05704,1.57813,70.36707
403994.1485,5994465,135.14977,7.58215,1.78125,70.24187
407994.1485,5994465,107.42228,6.32749,2.17188,67.65959
411994.1485,5994465,143.7146,6.24771,2.03571,89.81625
415994.1485,5994465,167.30877,4.55917,2.4375,106.64402
419994.1485,5994465,156.75233,3.19565,2.45313,104.98523
423994.1485,5994465,170.00116,3.63052,1.4375,120.83801
427994.1485,5994465,187.50272,5.12138,0.03125,118.20105
431994.1485,5994465,188.08036,2.22181,0.32813,126.28027
435994.1485,5994465,185.72127,3.05499,0.5625,126.26633
439994.1485,5994465,175.06141,2.72578,0.45313,126.17848
303994.1485,5990465,160.28755,16.19654,10.66667,128
307994.1485,5990465,182.97981,19.60522,10.28125,128
311994.1485,5990465,81.62003,23.46061,11.25,128
315994.1485,5990465,155.51491,29.49274,9.03125,128
319994.1485,5990465,197.11452,20.32341,5.25,128
323994.1485,5990465,204.60365,7.81742,2.92188,128
327994.1485,5990465,193.22935,16.89608,4.79688,128
331994.1485,5990465,161.53595,17.34816,9.35938,128
335994.1485,5990465,187.4472,12.7397,6.4375,128
339994.1485,5990465,183.98331,18.32041,8.39063,128
343994.1485,5990465,126.10582,21.245,9.98438,128
347994.1485,5990465,115.73222,22.26514,8.04688,100.24884
351994.1485,5990465,152.46755,19.14889,2.54688,101.03261
355994.1485,5990465,187.6191,13.31107,2.84375,93.41724
359994.1485,5990465,173.82007,17.973,0.90625,105.39628
363994.1485,5990465,164.29821,20.57293,0.34375,126.95252
367994.1485,5990465,165.83602,18.89459,0,122.71568
371994.1485,5990465,178.45,15.29429,0.0625,118.88509
375994.1485,5990465,195.70625,13.44034,0,121.26369
379994.1485,5990465,169.7163,11.17286,0,110.75132
383994.1485,5990465,171.36599,11.01657,1.21875,74.93412
387994.1485,5990465,128.54076,9.123,0.92188,74.32193
391994.1485,5990465,131.5507,7.72436,2.21875,70.73111
395994.1485,5990465,160.10295,9.35049,1.54688,80.86343
399994.1485,5990465,126.91863,7.43529,2.35938,75.35493
403994.1485,5990465,132.21281,8.08197,2.32813,82.17399
407994.1485,5990465,144.43036,6.6921,2.25,110.8902
411994.1485,5990465,166.22135,4.15488,2.21429,111.72857
415994.1485,5990465,167.7111,2.91721,2.625,110.13055
419994.1485,5990465,197.66374,3.07736,1.70313,127.2415
423994.1485,5990465,193.63859,3.29399,0.625,127.48575
427994.1485,5990465,202.34394,3.1044,0.42188,124.68655
431994.1485,5990465,205.57337,3.05824,0.67188,126.41821
435994.1485,5990465,205.15179,2.0549,0.8125,126.36277
439994.1485,5990465,203.02174,2.69188,0.64063,125.37011
443994.1485,5990465,187.86258,2.09684,0.71875,124.45529
303994.1485,5986465,188.73315,13.96215,10.0625,128
307994.1485,5986465,104.54107,23.79196,11.76563,128
311994.1485,5986465,115.1087,23.47131,11.76563,128
315994.1485,5986465,117.69682,25.13964,10.42188,128
319994.1485,5986465,198.64371,25.8183,6.26563,128
323994.1485,5986465,163.03595,21.75188,8.89063,128
327994.1485,5986465,199.92042,15.37905,7.625,128
331994.1485,5986465,187.2962,14.33109,9.09375,128
335994.1485,5986465,194.76398,10.55253,8.5,128
339994.1485,5986465,165.25815,18.41276,9.85938,128
343994.1485,5986465,176.29682,17.69698,6.73438,128
347994.1485,5986465,155.19103,25.96488,5.60938,127.82741
351994.1485,5986465,140.84356,23.23339,4.34375,114.99204
355994.1485,5986465,130.17523,18.3435,0.39063,107.44837
359994.1485,5986465,126.45373,20.89038,0.34375,98.48848
363994.1485,5986465,143.99554,22.19943,0.15625,106.28055
367994.1485,5986465,168.15819,18.99422,0,122.92842
371994.1485,5986465,173.02127,13.55657,1.51563,86.09061
375994.1485,5986465,156.88245,13.16627,1.39063,109.47328
379994.1485,5986465,141.32345,12.53702,0.40625,87.7309
383994.1485,5986465,153.84099,10.40698,2.84375,66.49266
387994.1485,5986465,106.26227,7.4942,2.125,62.25555
391994.1485,5986465,127.26825,6.74901,1.625,78.48474
395994.1485,5986465,127.91638,8.13789,3.3125,65.18078
399994.1485,5986465,129.64969,6.04345,3.76563,75.9573
403994.1485,5986465,146.90947,7.67173,3.20313,84.54491
407994.1485,5986465,185.4736,4.20762,2.5,116.54415
411994.1485,5986465,179.76335,3.77913,2.08929,91.52958
415994.1485,5986465,165.22446,4.05637,1.48438,99.56693
419994.1485,5986465,187.97112,2.40643,0.65625,118.41968
423994.1485,5986465,207.26592,2.70798,1.0625,123.10159
427994.1485,5986465,189.45109,3.04646,1.1875,107.84646
431994.1485,5986465,196.5625,2.22599,0.78125,112.65858
435994.1485,5986465,202.07609,3.96155,1.0625,115.01592
439994.1485,5986465,199.44061,2.27504,0.53125,114.19491
443994.1485,5986465,196.49301,1.467,0.57813,107.02735
303994.1485,5982465,209.76096,22.11987,11.125,128
307994.1485,5982465,106.03393,19.04767,11.89063,128
311994.1485,5982465,152.5802,30.74598,10.85938,128
315994.1485,5982465,185.01467,24.75442,8.78125,128
319994.1485,5982465,127.1472,26.41653,9.875,128
323994.1485,5982465,150.4993,26.93749,9.82813,128
327994.1485,5982465,106.25,27.45359,11.3125,128
331994.1485,5982465,83.2243,25.7574,10.98438,128
335994.1485,5982465,139.02003,25.80595,9.79688,128
339994.1485,5982465,195.36506,18.23946,5.01563,128
343994.1485,5982465,196.87531,20.41237,4.32813,128
347994.1485,5982465,201.95419,14.737,0.60938,128
351994.1485,5982465,177.49255,16.36882,0.29688,123.94297
355994.1485,5982465,179.39876,25.09621,2.73438,126.22793
359994.1485,5982465,148.50761,26.91704,0.78125,123.74763
363994.1485,5982465,171.45252,26.74962,0.40625,127.92184
367994.1485,5982465,187.78995,24.35013,0.60938,127.54852
371994.1485,5982465,197.02911,18.09552,0.20313,120.34945
375994.1485,5982465,124.6663,13.41337,2.0625,101.27023
379994.1485,5982465,165.68556,14.01987,2.45313,84.76402
383994.1485,5982465,117.30877,8.04612,3.375,52.37223
387994.1485,5982465,123.60303,5.88158,2.98438,73.65414
391994.1485,5982465,145.64581,5.97674,3.04688,84.90916
395994.1485,5982465,151.72026,5.94866,4.85938,81.4634
399994.1485,5982465,138.77337,6.80894,4,74.56977
403994.1485,5982465,165.60877,5.61982,2.875,98.4875
407994.1485,5982465,158.75287,5.4661,2.01563,93.91883
411994.1485,5982465,157.4566,4.75949,0.96429,99.95863
415994.1485,5982465,151.68129,3.11041,0.29688,105.86215
419994.1485,5982465,186.08766,3.82946,1.07813,114.92527
423994.1485,5982465,170.70326,3.39001,1.5625,84.85172
427994.1485,5982465,171.83098,4.61606,1.82813,103.80214
431994.1485,5982465,182.43168,2.22362,0.48438,127.44383
435994.1485,5982465,196.83626,3.60843,0.15625,125.76805
439994.1485,5982465,176.79744,2.61589,0.20313,112.86578
443994.1485,5982465,130.95303,1.92897,0.04688,93.71033
447994.1485,5982465,91.1515,3.1918,0.125,55.18278
303994.1485,5978465,119.3752,15.37859,11.66667,128
307994.1485,5978465,150.59589,14.7092,11.90625,128
311994.1485,5978465,96.87399,22.08412,11.95313,128
315994.1485,5978465,140.77873,24.83536,11.78125,128
319994.1485,5978465,156.87679,22.89886,10.98438,128
323994.1485,5978465,99.61196,26.96669,11.89063,128
327994.1485,5978465,79.30613,30.27115,11.73438,128
331994.1485,5978465,87.60862,24.21039,11.625,128
335994.1485,5978465,125.43276,29.12769,10.03125,128
339994.1485,5978465,158.44752,20.03476,6.01563,128
343994.1485,5978465,196.98323,18.10587,0.82813,128
347994.1485,5978465,196.57725,20.1969,1.46875,128
351994.1485,5978465,202.71623,17.96012,2.65625,124.8618
355994.1485,5978465,169.36545,19.78103,1.25,122.20477
359994.1485,5978465,157.35854,25.62329,0.25,123.62698
363994.1485,5978465,198.61988,20.66292,2.67188,125.22065
367994.1485,5978465,206.52213,13.07936,1.28125,127.63921
371994.1485,5978465,194.44682,12.99711,0,121.3467
375994.1485,5978465,149.77927,12.50712,0.09375,103.01481
379994.1485,5978465,99.58579,8.0837,0.71875,71.44224
383994.1485,5978465,111.05854,6.70212,1.125,75.02655
387994.1485,5978465,134.97943,5.28059,0.89063,102.7552
391994.1485,5978465,144.09503,7.02529,1.34375,86.77983
395994.1485,5978465,155.3493,6.13503,3.40625,74.82632
399994.1485,5978465,140.03766,4.64459,2.89063,95.24678
403994.1485,5978465,191.12321,3.12434,1.48438,115.3547
407994.1485,5978465,166.0587,5.91789,1.14063,114.34543
411994.1485,5978465,180.48405,3.25027,0.76786,111.80644
415994.1485,5978465,200.90396,4.89213,1.9375,124.28203
419994.1485,5978465,207.24146,2.99043,1.84375,120.05202
423994.1485,5978465,175.23975,3.3556,1.125,109.48226
427994.1485,5978465,193.55373,4.88443,0.65625,127.50442
431994.1485,5978465,190.7288,4.17841,0.32813,127.74864
435994.1485,5978465,200.9778,3.3914,0.1875,127.60633
439994.1485,5978465,197.42616,2.22822,0.09375,126.98742
443994.1485,5978465,166.55726,1.38696,0.125,127.95718
447994.1485,5978465,162.17663,2.94835,0.09375,111.30813
303994.1485,5974465,64.28589,20.14597,11.95833,128
307994.1485,5974465,116.66141,18.81399,11.92188,128
311994.1485,5974465,176.36576,11.76536,11.53125,128
315994.1485,5974465,108.71747,14.47029,11.96875,128
319994.1485,5974465,94.56545,24.68714,11.89063,128
323994.1485,5974465,119.72834,26.77931,11.89063,128
327994.1485,5974465,76.56755,26.10247,11.1875,128
331994.1485,5974465,65.74247,28.36994,11.54688,128
335994.1485,5974465,121.68005,23.84347,9.10938,128
339994.1485,5974465,192.14946,25.38336,4.96875,128
343994.1485,5974465,165.86747,27.37694,5.82813,128
347994.1485,5974465,154.22803,25.56148,6.53125,128
351994.1485,5974465,177.63238,24.38545,5.39063,128
355994.1485,5974465,202.89053,23.63668,0.60938,128
359994.1485,5974465,168.45503,15.79017,0.07813,109.11809
363994.1485,5974465,183.47508,10.55893,0.3125,109.09099
367994.1485,5974465,159.55749,8.83386,0.03125,125.3455
371994.1485,5974465,187.86514,12.14092,0.14063,127.84977
375994.1485,5974465,187.92345,14.47542,0.25,121.28398
379994.1485,5974465,174.11607,7.75588,0.17188,108.6778
383994.1485,5974465,137.37368,6.45174,0.14063,110.58234
387994.1485,5974465,163.53812,5.46679,0.26563,115.64984
391994.1485,5974465,151.34441,3.40483,0.10938,110.22032
395994.1485,5974465,149.55404,4.01614,0.0625,119.48812
399994.1485,5974465,136.22989,4.10377,0.48438,110.37845
403994.1485,5974465,112.41514,3.26264,0.53125,111.54775
407994.1485,5974465,173.72624,2.99809,0.76563,120.85008
411994.1485,5974465,189.96165,3.55415,1.44643,127.6653
415994.1485,5974465,204.99992,3.17662,2.14063,126.79006
419994.1485,5974465,202.79309,3.36998,0.9375,126.85986
423994.1485,5974465,197.32865,4.16732,1,125.02349
427994.1485,5974465,200.43983,7.30771,0.45313,124.59894
431994.1485,5974465,196.3146,4.75195,0.17188,127.48222
435994.1485,5974465,195.32298,3.28772,0.0625,127.99511
439994.1485,5974465,189.73789,2.55133,0.09375,122.08009
443994.1485,5974465,162.90613,1.89595,0,119.43872
447994.1485,5974465,177.12927,3.17695,0,107.98957
303994.1485,5970465,106.5985,11.22984,12,128
307994.1485,5970465,106.26894,9.25814,11.98438,128
311994.1485,5970465,158.9847,10.88486,11.51563,128
315994.1485,5970465,132.45303,7.92977,11.125,128
319994.1485,5970465,66.83051,9.57636,10.45313,128
323994.1485,5970465,79.39457,10.99086,9.8125,128
327994.1485,5970465,102.81677,10.24403,7.4375,128
331994.1485,5970465,194.50109,12.1267,7.21875,128
335994.1485,5970465,197.82453,21.98532,6.57813,128
339994.1485,5970465,113.93028,32.25391,10.45313,128
343994.1485,5970465,54.10023,31.88491,10.875,128
347994.1485,5970465,82.27042,30.96065,10.17188,128
351994.1485,5970465,110.02993,24.31911,9.03125,128
355994.1485,5970465,179.15532,22.07018,3.125,127.15598
359994.1485,5970465,162.05062,10.25307,0,112.00035
363994.1485,5970465,143.74278,8.00919,0,124.04325
367994.1485,5970465,212.92081,14.71775,0.84375,128
371994.1485,5970465,206.49845,16.53331,3.42188,128
375994.1485,5970465,205.60512,19.99326,2.375,128
379994.1485,5970465,198.78152,19.87506,3.32813,128
383994.1485,5970465,204.81134,12.48153,1.39063,127.95089
387994.1485,5970465,180.01281,6.30298,1.75,112.42927
391994.1485,5970465,180.11933,4.99439,1.28125,104.94464
395994.1485,5970465,149.51134,3.32236,0.40625,101.65745
399994.1485,5970465,149.11747,2.35465,0.79688,118.1297
403994.1485,5970465,174.96335,2.45855,0.54688,127.67807
407994.1485,5970465,194.25132,3.86372,1.96875,127.84923
411994.1485,5970465,205.92935,3.28504,2.28571,126.96448
415994.1485,5970465,202.88455,1.91942,2.73438,126.91398
419994.1485,5970465,201.56017,3.25427,1.26563,127.67411
423994.1485,5970465,203.8052,6.90198,0.98438,127.64297
427994.1485,5970465,196.31126,6.31656,0.51563,128
431994.1485,5970465,202.32026,4.29814,0.29688,125.48948
435994.1485,5970465,196.19387,3.4374,0.20313,126.83412
439994.1485,5970465,172.98579,2.92147,0.28125,100.60905
443994.1485,5970465,138.75031,2.106,0.0625,110.62953
447994.1485,5970465,135.3028,1.71488,0.14063,113.15822
303994.1485,5966465,107.76266,29.24165,11.98571,128
307994.1485,5966465,129.67303,17.44788,11.77778,128
311994.1485,5966465,172.50023,11.98408,11,128
315994.1485,5966465,166.1,21.13673,10.44444,128
319994.1485,5966465,55.71242,29.79521,9.90278,128
323994.1485,5966465,66.37346,12.13669,7.06944,128
327994.1485,5966465,106.70756,12.32249,6.375,128
331994.1485,5966465,171.3027,18.73782,6.65278,128
335994.1485,5966465,140.34128,29.25244,10.375,128
339994.1485,5966465,93.91844,36.47511,9.76389,128
343994.1485,5966465,111.77774,38.29382,9.18056,128
347994.1485,5966465,115.46281,28.9022,6.41667,128
351994.1485,5966465,102.14614,27.77754,5.36111,128
355994.1485,5966465,168.33873,19.20767,1.02778,128
359994.1485,5966465,192.12639,13.89687,0.11111,128
363994.1485,5966465,206.92515,7.76853,0.26389,128
367994.1485,5966465,196.18981,12.5837,0.25,128
371994.1485,5966465,203.83002,14.8724,2.44444,128
375994.1485,5966465,198.16898,14.80896,5.70833,128
379994.1485,5966465,197.58025,14.45745,6.40278,128
383994.1485,5966465,189.3564,14.66299,4.47222,122.17613
387994.1485,5966465,172.84792,7.79669,1.93056,114.67201
391994.1485,5966465,186.06674,9.62426,1.84722,127.60453
395994.1485,5966465,197.53248,6.79241,1.73611,125.50365
399994.1485,5966465,194.19429,5.44934,1.47222,124.52267
403994.1485,5966465,195.92292,5.83899,1.5,127.94196
407994.1485,5966465,204.34877,3.41379,2.56944,128
411994.1485,5966465,199.3561,2.88741,2.39683,127.65547
415994.1485,5966465,205.31914,5.28123,1.88889,126.54523
419994.1485,5966465,208.35108,6.61201,0.76389,127.99511
423994.1485,5966465,195.08796,7.49899,0.66667,128
427994.1485,5966465,178.82986,5.92686,0.80556,127.99028
431994.1485,5966465,199.06543,5.99217,0.65278,126.49383
435994.1485,5966465,194.55262,3.58703,0.63889,120.67046
439994.1485,5966465,137.43819,1.94516,0.48611,98.65454
443994.1485,5966465,127.4787,2.1744,0.33333,109.1579
307994.1485,5962465,131.07418,4.25622,11.84444,128
311994.1485,5962465,138.17406,16.48768,11.5625,128
315994.1485,5962465,108.50148,15.80781,11.5625,128
319994.1485,5962465,90.43098,20.83429,9.8125,128
323994.1485,5962465,52.59744,16.57764,7.17188,128
327994.1485,5962465,80.96087,30.7175,7.82813,128
331994.1485,5962465,169.75598,26.14347,6.14063,128
335994.1485,5962465,184.68144,20.86374,2.29688,128
339994.1485,5962465,159.65093,22.08651,3.48438,128
343994.1485,5962465,149.5021,20.21151,1.15625,128
347994.1485,5962465,179.84658,12.50192,0.32813,128
351994.1485,5962465,178.34899,12.97118,0.125,128
355994.1485,5962465,198.21273,17.41306,0.34375,128
359994.1485,5962465,172.72236,22.90839,3.85938,128
363994.1485,5962465,186.90707,17.66799,3.46875,128
367994.1485,5962465,185.31708,17.34511,1.01563,128
371994.1485,5962465,186.99922,7.89565,0.6875,128
375994.1485,5962465,195.72399,8.44622,0.92188,128
379994.1485,5962465,188.95031,7.1176,1.71875,128
383994.1485,5962465,190.43866,8.70764,1.8125,128
387994.1485,5962465,199.50155,7.72856,1.39063,127.91414
391994.1485,5962465,201.76553,10.6057,1.96875,127.9679
395994.1485,5962465,192.73292,6.09311,4.28125,127.3041
399994.1485,5962465,201.56553,4.44869,4.1875,126.33988
403994.1485,5962465,178.33626,5.80533,2.23438,100.77602
407994.1485,5962465,203.13207,5.16377,2.42188,122.49515
411994.1485,5962465,201.26708,6.06703,1.66071,117.78945
415994.1485,5962465,197.54829,6.76025,1.15625,124.45543
419994.1485,5962465,204.2205,7.41015,0.51563,117.83223
423994.1485,5962465,190.73719,4.57791,0.60938,116.68379
427994.1485,5962465,169.61374,5.03393,1.23438,127.99511
431994.1485,5962465,205.98579,5.72538,1.26563,127.49961
435994.1485,5962465,187.77267,4.16431,0.35938,125.34281
439994.1485,5962465,144.84371,3.99571,0.35938,122.3234
443994.1485,5962465,174.73067,4.87095,0.6875,117.44872
447994.1485,5962465,134.29907,5.64625,0.3125,92.41641
311994.1485,5958465,134.27097,17.28596,11.95455,128
315994.1485,5958465,190.72888,19.71267,10.84375,128
319994.1485,5958465,90.27003,21.05965,11.21875,128
323994.1485,5958465,56.025,23.60283,10.46875,128
327994.1485,5958465,66.74651,30.4814,11.6875,128
331994.1485,5958465,55.82197,30.14924,11.25,128
335994.1485,5958465,118.49713,31.3137,9.25,128
339994.1485,5958465,205.52189,12.14604,3.96875,128
343994.1485,5958465,150.43012,17.5155,0.59375,128
347994.1485,5958465,200.4972,24.20172,0.84375,128
351994.1485,5958465,152.54942,34.41635,4.64063,128
355994.1485,5958465,163.31429,32.22725,6.60938,128
359994.1485,5958465,133.88797,31.17953,7.46875,128
363994.1485,5958465,138.37842,31.3116,6.40625,128
367994.1485,5958465,170.50947,23.4104,3.375,128
371994.1485,5958465,150.51359,12.86468,5.0625,128
375994.1485,5958465,202.12461,7.46991,5.0625,128
379994.1485,5958465,191.00582,6.66422,3.125,128
383994.1485,5958465,192.89169,6.59299,2.65625,128
387994.1485,5958465,194.6573,13.51857,3.125,127.99511
391994.1485,5958465,197.25986,9.55018,6.4375,128
395994.1485,5958465,196.62345,8.61404,5.01563,127.99511
399994.1485,5958465,199.22904,8.14903,3.35938,127.73152
403994.1485,5958465,188,6.15956,1.89063,124.79627
407994.1485,5958465,159.03929,7.6488,1.75,118.88496
411994.1485,5958465,163.76747,6.99165,0.96429,120.64818
415994.1485,5958465,200.73253,5.45039,0.98438,124.6731
419994.1485,5958465,203.84045,4.7269,0.95313,126.21875
423994.1485,5958465,176.04464,4.91958,0.84375,128
427994.1485,5958465,178.09433,3.9998,0.70313,121.24656
431994.1485,5958465,199.83758,4.48241,1.21875,116.2849
435994.1485,5958465,164.53898,4.53559,0.29688,112.09181
439994.1485,5958465,190.85652,4.17093,0.25,120.20889
443994.1485,5958465,195.88641,3.69436,0.23438,119.14498
447994.1485,5958465,179.64247,6.1704,0.40625,90.57077
451994.1485,5958465,166.27717,6.42358,0.65625,71.71759
315994.1485,5954465,100.48922,18.40035,11.80702,128
319994.1485,5954465,71.18533,12.38747,11.875,128
323994.1485,5954465,60.72143,26.40212,11.75,128
327994.1485,5954465,60.98059,32.00603,11.79688,128
331994.1485,5954465,130.92026,31.91579,10.21875,128
335994.1485,5954465,155.94992,26.37115,6.54688,128
339994.1485,5954465,157.72943,15.62498,1.21875,128
343994.1485,5954465,152.60683,20.55818,0.40625,128
347994.1485,5954465,113.04472,32.29799,7.15625,128
351994.1485,5954465,129.60144,28.16141,9.875,128
355994.1485,5954465,103.44841,29.67116,11.1875,128
359994.1485,5954465,105.06231,29.56817,10.5625,128
363994.1485,5954465,82.66522,28.71825,9.82813,128
367994.1485,5954465,150.05411,25.56279,3.45313,128
371994.1485,5954465,144.97034,17.60799,4.59375,128
375994.1485,5954465,187.66211,10.76494,4.82813,128
379994.1485,5954465,188.82725,9.75765,3.90625,128
383994.1485,5954465,187.72329,15.97562,4.79688,128
387994.1485,5954465,168.3743,18.23621,6.60938,128
391994.1485,5954465,165.87943,23.37375,6.65625,127.99514
395994.1485,5954465,123.79092,23.60246,7.34375,128
399994.1485,5954465,183.07205,14.28787,5.57813,127.99511
403994.1485,5954465,205.93199,12,2.375,127.98661
407994.1485,5954465,198.21995,7.90186,1.71875,124.91289
411994.1485,5954465,160.26475,4.92959,1.92857,91.04286
415994.1485,5954465,108.00559,6.28368,1.28125,44.10365
419994.1485,5954465,150.86599,5.93396,0.875,104.91359
423994.1485,5954465,189.36219,5.53298,1.07813,125.9
427994.1485,5954465,197.35807,3.76584,0.4375,113.79993
431994.1485,5954465,171.25411,2.77896,0.84375,119.43331
435994.1485,5954465,175.15031,4.19532,0.8125,123.21988
439994.1485,5954465,113.85761,5.03732,0.59375,62.17962
443994.1485,5954465,166.50264,6.10281,0.4375,106.16442
447994.1485,5954465,170.90008,7.31717,0.65625,78.74596
451994.1485,5954465,131.47974,7.22748,1.34375,79.8552
455994.1485,5954465,175.46284,6.49382,0.3,108.14776
319994.1485,5950465,137.78024,14.67954,11.94231,128
323994.1485,5950465,89.41258,22.78879,12,128
327994.1485,5950465,52.66716,31.02312,12,128
331994.1485,5950465,79.94262,31.70436,11.90625,128
335994.1485,5950465,124.02818,26.44484,7.14063,128
339994.1485,5950465,146.46483,17.22792,0.46875,128
343994.1485,5950465,193.28121,17.66926,0.78125,128
347994.1485,5950465,139.8462,27.34171,9.1875,128
351994.1485,5950465,84.30707,21.772,11.67188,128
355994.1485,5950465,121.60602,20.64162,11.04688,128
359994.1485,5950465,159.46359,24.8936,7.65625,128
363994.1485,5950465,101.54449,30.49439,6.10938,128
367994.1485,5950465,178.15124,26.51735,4.07813,128
371994.1485,5950465,93.0986,30.98059,9.46875,128
375994.1485,5950465,126.24946,19.11137,10.0625,128
379994.1485,5950465,183.86312,12.63113,7.53125,128
383994.1485,5950465,183.88393,21.44318,5.92188,128
387994.1485,5950465,153.13742,22.15248,5.67188,128
391994.1485,5950465,121.4639,22.87441,6.28125,128
395994.1485,5950465,167.82011,17.97642,3.82813,128
399994.1485,5950465,168.04697,18.03491,2.53125,128
403994.1485,5950465,174.01786,12.36726,2,127.49457
407994.1485,5950465,150.51203,11.37363,2.07813,77.82042
411994.1485,5950465,130.13067,7.60503,3.44643,74.27081
415994.1485,5950465,100.56281,6.12848,1.46875,55.53793
419994.1485,5950465,110.28502,5.33865,1.0625,74.55206
423994.1485,5950465,169.37143,4.83308,1.73438,91.04356
427994.1485,5950465,114.97073,3.65941,1,79.84715
431994.1485,5950465,109.46421,4.28932,1.01563,82.38078
435994.1485,5950465,154.92516,4.82139,1.21875,106.16498
439994.1485,5950465,124.55008,3.88845,1.29688,76.88408
443994.1485,5950465,156.36165,6.69736,1.29688,95.57185
447994.1485,5950465,126.22865,6.30474,0.89063,65.38913
451994.1485,5950465,120.42655,10.48842,0.4375,97.76114
455994.1485,5950465,168.71957,6.81727,0.46875,97.36495
319994.1485,5946465,67.43575,14.4343,12,128
323994.1485,5946465,98.23432,18.73372,11.96875,128
327994.1485,5946465,89.52686,23.21532,11.73438,128
331994.1485,5946465,75.82648,29.00134,11.51563,128
335994.1485,5946465,184.07213,16.79609,4.51563,128
339994.1485,5946465,207.36949,12.02514,3.73438,128
343994.1485,5946465,190.84084,13.59047,1.1875,128
347994.1485,5946465,160.74612,26.58485,4.07813,128
351994.1485,5946465,107.16211,22.38206,11.26563,128
355994.1485,5946465,173.94658,20.80752,9.85938,128
359994.1485,5946465,154.24146,24.01472,9.625,128
363994.1485,5946465,201.59379,17.30766,5.73438,128
367994.1485,5946465,188.24084,20.33733,2.76563,128
371994.1485,5946465,101.38362,31.98058,9.53125,128
375994.1485,5946465,94.25404,27.72664,10.375,128
379994.1485,5946465,170.20644,20.80305,8.23438,128
383994.1485,5946465,165.41421,22.76842,9.07813,128
387994.1485,5946465,157.23758,24.88905,8.20313,128
391994.1485,5946465,174.47283,22.83304,6.53125,128
395994.1485,5946465,163.97981,28.67261,4.79688,128
399994.1485,5946465,162.65039,21.4273,5.42188,128
403994.1485,5946465,188.33261,18.64771,4.45313,128
407994.1485,5946465,186.96856,11.91908,3.67188,123.11685
411994.1485,5946465,168.98618,14.20479,3.39286,122.97887
415994.1485,5946465,181.50411,9.14225,2.03125,119.21266
419994.1485,5946465,136.99969,7.38035,1.75,93.35367
423994.1485,5946465,116.27616,5.47695,2.67188,42.47199
427994.1485,5946465,108.24736,5.3185,2.26563,49.23711
431994.1485,5946465,82.93463,5.38653,2.23438,43.9332
435994.1485,5946465,128.742,4.69648,1.57813,69.17551
439994.1485,5946465,126.10039,3.55941,1.10938,104.38938
443994.1485,5946465,131.94099,4.20291,0.59375,92.39915
447994.1485,5946465,113.70023,5.89682,0.85938,69.73328
451994.1485,5946465,166.50233,6.35865,0.5,99.03723
455994.1485,5946465,169.08789,6.98757,0.35938,81.82527
307994.1485,5942465,138.3334,19.60371,10.88889,128
311994.1485,5942465,170.64441,12.41499,11.46,128
315994.1485,5942465,83.77323,18.80747,12,128
319994.1485,5942465,60.97551,21.34393,11.96825,128
323994.1485,5942465,73.25979,21.70553,11.90625,128
327994.1485,5942465,171.4288,13.30553,8.57813,128
331994.1485,5942465,165.05171,7.59332,3.76563,128
335994.1485,5942465,179.49301,14.33642,3.98438,128
339994.1485,5942465,169.21413,28.54013,8.1875,128
343994.1485,5942465,135.21762,25.09099,9.09375,128
347994.1485,5942465,198.45846,10.26455,0.46875,128
351994.1485,5942465,177.89744,18.3359,4.1875,128
355994.1485,5942465,131.97089,24.43008,10.5625,128
359994.1485,5942465,54.48715,36.8244,11.10938,128
363994.1485,5942465,80.38936,29.96805,10.04688,128
367994.1485,5942465,179.44884,19.77239,5.9375,128
371994.1485,5942465,157.9823,32.76433,4.45313,128
375994.1485,5942465,69.85047,35.35597,10.5,128
379994.1485,5942465,82.78043,24.38904,11.01563,128
383994.1485,5942465,113.54449,23.625,9.79688,128
387994.1485,5942465,168.72873,22.26597,6.59375,128
391994.1485,5942465,118.1097,29.82321,7.79688,128
395994.1485,5942465,120.62547,31.03756,6.5625,128
399994.1485,5942465,101.43533,30.20036,8.96875,128
403994.1485,5942465,141.02857,23.78797,5.76563,128
407994.1485,5942465,165.77151,20.61973,6.01563,128
411994.1485,5942465,186.81467,17.8061,4.57143,128
415994.1485,5942465,195.47593,11.29917,2.53125,127.99022
419994.1485,5942465,193.50295,14.78766,2.70313,120.24511
423994.1485,5942465,153.78913,10.2556,1.85938,113.84557
427994.1485,5942465,106.0125,3.90944,0.20313,84.61919
431994.1485,5942465,100.91933,3.0564,0.25,98.50361
435994.1485,5942465,149.32042,2.98153,0.57813,120.20225
439994.1485,5942465,140.32019,3.80759,0.6875,112.15908
443994.1485,5942465,116.96809,4.73271,0.25,108.07272
447994.1485,5942465,126.76409,7.84317,0.5,78.55221
451994.1485,5942465,125.01114,6.65664,0.375,93.29239
455994.1485,5942465,122.61134,6.24205,0.07813,79.00807
303994.1485,5938465,0,0,11.14286,128
307994.1485,5938465,210,33.06768,10.54688,128
311994.1485,5938465,176.07944,18.86265,11.35938,128
315994.1485,5938465,179.4375,18.9786,11.60938,128
319994.1485,5938465,145.3394,15.82111,11.01563,128
323994.1485,5938465,189.03641,9.94331,8.48438,128
327994.1485,5938465,110.89845,8.63095,4.84375,128
331994.1485,5938465,54.49806,16.7869,5.10938,128
335994.1485,5938465,66.54526,26.16689,10.125,128
339994.1485,5938465,78.66227,38.3929,11.71875,128
343994.1485,5938465,107.69643,36.09339,7.89063,128
347994.1485,5938465,184.43525,12.73554,3.07813,128
351994.1485,5938465,207.25551,19.99147,1.5625,128
355994.1485,5938465,95.85753,31.9303,8.125,128
359994.1485,5938465,42.77675,30.54487,11.51563,128
363994.1485,5938465,66.36762,29.88575,10.98438,128
367994.1485,5938465,90.08766,31.21457,10.26563,128
371994.1485,5938465,121.28509,23.64186,7.85938,128
375994.1485,5938465,155.83175,29.88364,5.4375,128
379994.1485,5938465,60.98672,27.45537,10.60938,128
383994.1485,5938465,85.39992,20.39231,11.25,128
387994.1485,5938465,132.30318,21.01361,10.70313,128
391994.1485,5938465,128.87601,22.11739,7.96875,128
395994.1485,5938465,135.29425,29.52591,7.45313,128
399994.1485,5938465,70.68711,33.93288,9.45313,128
403994.1485,5938465,119.11219,28.96465,8.32813,128
407994.1485,5938465,101.9712,30.54381,8.23438,128
411994.1485,5938465,139.94627,20.87712,6.64286,128
415994.1485,5938465,125.67267,18.12052,6.14063,127.99511
419994.1485,5938465,154.79658,18.19568,5.375,128
423994.1485,5938465,181.45637,17.13739,3.625,127.84616
427994.1485,5938465,173.33447,10.92534,0.85938,90.40315
431994.1485,5938465,107.29053,5.7095,0.26563,101.1172
435994.1485,5938465,126.7472,4.97222,0.23438,103.12547
439994.1485,5938465,125.42352,5.95779,0.35938,97.59748
443994.1485,5938465,127.04604,3.40657,0.34375,109.37599
447994.1485,5938465,148.57089,4.64415,0,106.86898
451994.1485,5938465,159.49099,6.95667,0.01563,101.64639
455994.1485,5938465,147.61615,4.79524,0.0625,80.7743
459994.1485,5938465,114.11211,5.41035,0.3125,55.22132
463994.1485,5938465,128.66386,3.47665,0.65,75.03559
467994.1485,5938465,107.42354,5.91144,0.14634,34.34859
471994.1485,5938465,86.26708,4.73001,0.10345,61.50019
475994.1485,5938465,184.21653,5.98896,0.39063,122.8347
479994.1485,5938465,217.73447,7.73981,0.21875,126.22094
483994.1485,5938465,182.52609,4.44573,0.15625,122.99887
487994.1485,5938465,187.84538,1.86934,0,123.24899
491994.1485,5938465,200.14166,1.80057,0,124.219
307994.1485,5934465,35.5723,25.85657,11.96667,128
311994.1485,5934465,111.39225,19.70095,11.96825,128
315994.1485,5934465,142.28105,18.58023,11.78125,128
319994.1485,5934465,173.19293,14.36207,10.39063,128
323994.1485,5934465,117.05656,19.88422,6,128
327994.1485,5934465,81.83641,26.182,8.01563,128
331994.1485,5934465,109.92158,31.33825,10.95313,128
335994.1485,5934465,56.96751,29.05022,11.98438,128
339994.1485,5934465,66.28723,31.1366,11.5625,128
343994.1485,5934465,94.55516,39.77752,10.35938,128
347994.1485,5934465,138.03948,22.69255,6.92188,128
351994.1485,5934465,200.94006,14.18555,0.71875,128
355994.1485,5934465,104.33703,34.52592,8.15625,128
359994.1485,5934465,106.24068,31.20145,9.5625,128
363994.1485,5934465,57.75823,33.41614,10.67188,128
367994.1485,5934465,44.66056,30.55391,11.46875,128
371994.1485,5934465,103.87888,33.46734,9.51563,128
375994.1485,5934465,98.85714,23.73837,9.42188,128
379994.1485,5934465,171.62787,24.68623,8.89063,127.99508
383994.1485,5934465,62.26755,35.64944,11.125,128
387994.1485,5934465,62.02376,25.85377,10.6875,128
391994.1485,5934465,109.76343,17.59144,9.51563,128
395994.1485,5934465,126.46102,23.58808,7.71875,128
399994.1485,5934465,100.38626,28.05535,8.45313,128
403994.1485,5934465,100.07795,36.54774,8.32813,128
407994.1485,5934465,76.62818,31.76458,9.60938,128
411994.1485,5934465,98.02686,33.20961,8.55357,128
415994.1485,5934465,103.23998,27.11933,7.9375,128
419994.1485,5934465,119.45582,25.17088,8.20313,127.99016
423994.1485,5934465,181.47748,18.69716,3.01563,127.49754
427994.1485,5934465,205.06242,16.31516,1.46875,124.91491
431994.1485,5934465,152.62601,12.71911,0.5625,98.34645
435994.1485,5934465,124.31708,8.3123,0.15625,93.75391
439994.1485,5934465,145.0606,4.62936,0.125,99.1823
443994.1485,5934465,148.97318,3.6548,0.125,111.67368
447994.1485,5934465,147.00186,7.31214,0.0625,114.78938
451994.1485,5934465,160.05621,6.54533,0.0625,96.2773
455994.1485,5934465,147.08416,3.6432,0.20313,76.35938
459994.1485,5934465,70.57345,3.76042,0.625,44.93734
463994.1485,5934465,105.04907,5.25871,1,37.50168
467994.1485,5934465,99.62337,6.73143,0.67188,44.90043
471994.1485,5934465,156.05132,7.90482,0.14063,120.14527
475994.1485,5934465,201.75093,6.11585,0.04688,124.62203
479994.1485,5934465,200.78696,4.84282,0,126.3288
483994.1485,5934465,188.42648,3.90933,0.07813,122.39203
487994.1485,5934465,168.77873,2.87129,0,110.73906
491994.1485,5934465,136.61009,1.57687,0.67188,122.55391
495994.1485,5934465,167.68929,1.84309,0.23438,121.27453
499994.1485,5934465,141.91697,2.15947,0.18966,92.59133
315994.1485,5930465,168.17797,24.41218,11.63889,128
319994.1485,5930465,171.06975,13.8719,9.85938,128
323994.1485,5930465,123.28441,29.31329,9.84375,128
327994.1485,5930465,130.06431,27.63827,11.10938,128
331994.1485,5930465,126.41551,35.37736,11.1875,128
335994.1485,5930465,56.47207,21.93092,12,128
339994.1485,5930465,127.40637,28.09317,11.9375,128
343994.1485,5930465,99.20802,30.63205,11.6875,128
347994.1485,5930465,91.04414,42.43023,9.78125,128
351994.1485,5930465,182.98102,8.36491,1.51563,128
355994.1485,5930465,156.6564,30.24433,4.71875,128
359994.1485,5930465,46.6763,27.27855,11.89063,128
363994.1485,5930465,70.49398,30.04928,11.71875,128
367994.1485,5930465,67.4267,26.63125,11.84375,128
371994.1485,5930465,91.17091,27.09862,10.9375,128
375994.1485,5930465,133.16829,18.67907,8.32813,128
379994.1485,5930465,140.57693,22.73115,9.9375,128
383994.1485,5930465,144.66929,17.88503,11.14063,128
387994.1485,5930465,76.4446,26.49595,8.71875,128
391994.1485,5930465,55.74977,31.12187,10.15625,128
395994.1485,5930465,103.08133,16.88349,9.14063,128
399994.1485,5930465,132.44552,21.08127,3.78125,128
403994.1485,5930465,167.44599,29.24699,3.14063,128
407994.1485,5930465,155.99776,32.67488,4.42188,128
411994.1485,5930465,142.61289,30.39653,5.85714,128
415994.1485,5930465,183.20471,30.91022,5.67188,128
419994.1485,5930465,145.38441,27.93702,3.92188,127.99064
423994.1485,5930465,171.17215,15.16031,3.35938,127.31009
427994.1485,5930465,195.46242,11.21682,0.8125,125.66139
431994.1485,5930465,179.80301,11.25214,0.28125,116.70885
435994.1485,5930465,145.18465,11.29483,0.51563,94.09526
439994.1485,5930465,126.86582,8.96912,0.51563,88.54317
443994.1485,5930465,172.33958,6.22783,0.78125,108.23082
447994.1485,5930465,160.69946,7.54061,0.10938,122.63731
451994.1485,5930465,135.98102,3.46947,0.51563,55.60951
455994.1485,5930465,82.65031,3.69636,0.9375,34.12904
459994.1485,5930465,92.68503,3.44759,1.09375,35.93607
463994.1485,5930465,71.16358,6.16003,1.29688,36.48323
467994.1485,5930465,134.07585,7.18461,0.28125,110.983
471994.1485,5930465,209.58349,6.34757,0.03125,124.02019
475994.1485,5930465,194.17407,6.15081,0,123.89713
479994.1485,5930465,182.72461,5.27705,0,115.02592
483994.1485,5930465,189.37731,6.00337,0,104.21363
487994.1485,5930465,196.975,4.29054,0,112.26479
491994.1485,5930465,192.375,2.80424,0,114.42993
495994.1485,5930465,152.89429,3.41733,0.03125,115.90008
499994.1485,5930465,145.30019,3.885,0.07813,112.64317
503994.1485,5930465,161.65833,2.25524,0,125.45322
319994.1485,5926465,144.67541,26.69622,11.5,128
323994.1485,5926465,170.3632,20.2254,8.75,128
327994.1485,5926465,74.83346,36.13183,11.9375,128
331994.1485,5926465,96.71176,35.33515,11.5625,128
335994.1485,5926465,35.79251,32.56026,12,128
339994.1485,5926465,48.18758,26.19712,11.90625,128
343994.1485,5926465,72.21603,26.12067,12,128
347994.1485,5926465,59.3842,38.14973,11.375,128
351994.1485,5926465,128.96988,11.61516,4.26563,128
355994.1485,5926465,190.85404,23.39209,3.0625,128
359994.1485,5926465,90.40163,28.71852,9.96875,128
363994.1485,5926465,74.43975,25.16512,11.39063,128
367994.1485,5926465,65.01343,21.91142,12,128
371994.1485,5926465,51.93416,36.10167,11.67188,128
375994.1485,5926465,59.88393,24.99374,11.29688,128
379994.1485,5926465,129.06988,27.51933,10.92188,128
383994.1485,5926465,68.71576,19.00334,11.75,128
387994.1485,5926465,89.32345,19.40059,9.60938,128
391994.1485,5926465,106.62236,25.06036,5.45313,128
395994.1485,5926465,96.18432,32.84966,7.04688,128
399994.1485,5926465,94.04829,19.11865,8.76563,128
403994.1485,5926465,154.44356,19.68131,6.17188,128
407994.1485,5926465,157.32717,23.12487,3.875,128
411994.1485,5926465,178.867,27.27623,1.5,128
415994.1485,5926465,187.95357,22.10389,1.14063,127.07255
419994.1485,5926465,172.95365,20.87184,0.78125,124.87601
423994.1485,5926465,171.25295,25.29182,1.45313,127.53086
427994.1485,5926465,196.10575,20.81749,0.9375,127.99514
431994.1485,5926465,191.12135,11.0809,0.57813,127.65578
435994.1485,5926465,173.00528,17.23638,1.29688,126.73521
439994.1485,5926465,168.85124,12.50302,2.28125,105.54165
443994.1485,5926465,139.23548,7.13555,1.9375,91.62143
447994.1485,5926465,165.36483,6.38518,0.03125,109.84589
451994.1485,5926465,136.19759,7.44729,1.03125,61.99992
455994.1485,5926465,71.6927,6.56775,1.73438,60.02818
459994.1485,5926465,105.32547,6.34806,1.01563,71.74187
463994.1485,5926465,100.64045,5.78583,0.48438,74.23148
467994.1485,5926465,185.19581,6.40005,0,124.95148
471994.1485,5926465,160.69231,5.70809,0,92.64484
475994.1485,5926465,173.60039,4.59463,0,117.97011
479994.1485,5926465,166.81048,5.9283,0,101.40708
483994.1485,5926465,142.99022,5.57011,0,57.35311
487994.1485,5926465,143.23269,4.10505,0,94.23416
491994.1485,5926465,181.06297,3.40382,0,120.92535
495994.1485,5926465,174.28587,2.3728,0.32813,124.51607
499994.1485,5926465,193.6736,1.58167,0.09375,122.77263
503994.1485,5926465,184.45047,2.39326,0.17188,123.11879
507994.1485,5926465,187.26697,2.05567,0,123.60684
319994.1485,5922465,99.18983,26.57081,11.96154,128
323994.1485,5922465,164.71363,26.24729,11.29688,128
327994.1485,5922465,138.41495,26.24739,11.15625,128
331994.1485,5922465,57.50621,35.29329,11.96875,128
335994.1485,5922465,31.22135,13.10613,12,128
339994.1485,5922465,53.46064,23.40861,11.92188,128
343994.1485,5922465,99.41595,24.88428,8.625,128
347994.1485,5922465,162.3889,22.08745,4.5,128
351994.1485,5922465,184.83657,12.20769,3.04688,128
355994.1485,5922465,185.11615,28.30652,3.25,128
359994.1485,5922465,59.84635,30.41543,11.04688,128
363994.1485,5922465,61.93967,23.88739,11.9375,128
367994.1485,5922465,68.20439,15.3128,12,128
371994.1485,5922465,70.2837,17.78677,11.79688,128
375994.1485,5922465,61.29379,32.79847,11.3125,128
379994.1485,5922465,69.8097,23.81127,11.65625,128
383994.1485,5922465,73.39457,28.28971,11.8125,128
387994.1485,5922465,91.29425,23.71588,10.28125,128
391994.1485,5922465,93.59957,26.66483,8.21875,128
395994.1485,5922465,118.29154,26.2864,6.07813,124.80435
399994.1485,5922465,110.07259,34.9216,4.95313,86.56658
403994.1485,5922465,79.6795,31.92586,8.26563,115.19701
407994.1485,5922465,127.36599,22.11824,6.42188,128
411994.1485,5922465,197.40435,15.82309,1.10714,128
415994.1485,5922465,160.4632,14.79805,0.21875,127.88141
419994.1485,5922465,177.97112,28.74543,1.54688,127.83793
423994.1485,5922465,197.42935,26.89847,1.98438,128
427994.1485,5922465,192.07888,26.79925,1.95313,128
431994.1485,5922465,201.22057,15.65906,1.5625,127.99554
435994.1485,5922465,188.5014,12.34853,1.54688,127.13832
439994.1485,5922465,177.75031,14.44596,2.14063,120.37834
443994.1485,5922465,173.43727,11.68554,1.875,107.66521
447994.1485,5922465,146.21483,7.08734,0.28125,111.20877
451994.1485,5922465,149.83509,4.04092,0.375,106.55082
455994.1485,5922465,116.12298,6.15265,0.39063,64.08304
459994.1485,5922465,149.91095,4.54735,0.01563,98.75834
463994.1485,5922465,138.56293,4.48322,0.21875,101.32395
467994.1485,5922465,152.78944,5.95101,0.07813,98.96153
471994.1485,5922465,150.73075,5.66222,0,90.08172
475994.1485,5922465,188.64759,4.82371,0.14063,115.99189
479994.1485,5922465,162.85427,4.97144,0.23438,91.19598
483994.1485,5922465,141.60769,5.06859,0,81.55016
487994.1485,5922465,186.12578,3.91576,0,121.63932
491994.1485,5922465,178.07252,2.47833,0,125.15384
495994.1485,5922465,178.81584,2.66397,0.01563,125.34061
499994.1485,5922465,176.69286,2.07662,0.10938,124.13098
503994.1485,5922465,193.8472,2.44353,0.04688,123.98436
507994.1485,5922465,193.50342,2.50688,0.01563,124.03214
511994.1485,5922465,168.92267,3.84851,0,114.27434
323994.1485,5918465,81.87503,22.08722,12,128
327994.1485,5918465,129.20235,27.034,11.7541,128
331994.1485,5918465,157.87066,22.60835,11.89063,128
335994.1485,5918465,73.54728,36.43247,11.95313,128
339994.1485,5918465,31.22935,33.29506,12,128
343994.1485,5918465,48.16545,36.81396,11.98438,128
347994.1485,5918465,59.98746,32.48344,11.9375,128
351994.1485,5918465,114.8448,11.80048,8.35938,128
355994.1485,5918465,197.71242,18.43228,3.89063,128
359994.1485,5918465,140.49915,23.8269,10.48438,128
363994.1485,5918465,101.11266,30.91914,10.90625,128
367994.1485,5918465,42.27787,25.80537,12,128
371994.1485,5918465,73.53556,25.21587,11.75,128
375994.1485,5918465,91.27927,10.69826,11.375,128
379994.1485,5918465,127.20311,32.08431,8.25,128
383994.1485,5918465,65.43401,23.92647,10.57813,128
387994.1485,5918465,77.87352,25.4848,11.53125,128
391994.1485,5918465,97.85683,19.27271,10.39063,128
395994.1485,5918465,150.97151,21.51808,6.95313,128
399994.1485,5918465,147.04651,17.74039,4.17188,127.45788
403994.1485,5918465,188.82321,20.38727,1.45313,127.70652
407994.1485,5918465,198.61762,15.44711,0.70313,128
411994.1485,5918465,195.41568,11.83651,0.125,128
415994.1485,5918465,195.0462,24.54717,1.71875,128
419994.1485,5918465,176.01335,26.5501,5.57813,128
423994.1485,5918465,188.25505,25.33247,4.3125,128
427994.1485,5918465,160.13098,33.59237,4.28125,128
431994.1485,5918465,187.88494,27.58162,2.75,128
435994.1485,5918465,204.25994,15.5573,0.95313,127.88529
439994.1485,5918465,196.00505,16.03941,1.3125,121.78851
443994.1485,5918465,192.32826,13.60351,0.85938,126.45712
447994.1485,5918465,191.36289,12.61062,0.03125,125.48975
451994.1485,5918465,193.66925,7.40784,0.07813,118.36762
455994.1485,5918465,152.43253,5.63233,0,112.13684
459994.1485,5918465,181.22756,4.78283,0,110.59103
463994.1485,5918465,110.29359,5.66653,0,68.02892
467994.1485,5918465,156.57205,7.20563,0,99.65501
471994.1485,5918465,125.03866,6.91042,0.04688,56.61902
475994.1485,5918465,141.09363,4.98811,0.03125,75.62888
479994.1485,5918465,124.85295,5.57699,0.14063,78.07284
483994.1485,5918465,153.93944,4.2368,0,87.58241
487994.1485,5918465,167.18843,4.73102,0,112.03971
491994.1485,5918465,193.15186,3.0166,0,126.51759
495994.1485,5918465,168.44099,3.3081,0.125,115.15617
499994.1485,5918465,199.53758,3.41587,0.1875,126.53983
503994.1485,5918465,181.8278,2.67662,0.03125,125.83401
507994.1485,5918465,193.80256,1.82064,0,122.83288
511994.1485,5918465,182.40256,1.82064,0.03125,102.4761
343994.1485,5914465,39.33001,29.83724,12,128
347994.1485,5914465,68.27496,28.90026,11.75,128
351994.1485,5914465,163.14868,12.24531,6.01563,128
355994.1485,5914465,161.44301,26.75533,8.5625,128
359994.1485,5914465,89.33998,19.32763,11.95313,128
363994.1485,5914465,138.00792,25.99233,11.1875,128
367994.1485,5914465,92.86825,27.64735,11.875,128
371994.1485,5914465,45.46157,27.93997,11.85938,128
375994.1485,5914465,70.68828,23.37097,11.40625,128
379994.1485,5914465,83.66693,11.80397,11.34375,128
383994.1485,5914465,156.70489,25.50089,6.98438,128
387994.1485,5914465,103.40225,23.18727,7.92188,128
391994.1485,5914465,94.8097,29.19161,9.90625,128
395994.1485,5914465,127.70163,14.64522,7.21875,128
399994.1485,5914465,194.93424,8.55852,1.54688,128
403994.1485,5914465,187.40411,4.15008,0.42188,128
407994.1485,5914465,171.60947,3.09673,0.14063,128
411994.1485,5914465,174.74651,19.07367,0.01786,128
415994.1485,5914465,197.04387,22.2906,1.35938,128
419994.1485,5914465,153.67927,30.83025,7.28125,128
423994.1485,5914465,174.1604,22.68348,5.40625,128
427994.1485,5914465,157.3663,29.71055,5.71875,128
431994.1485,5914465,122.53754,38.90938,6.34375,128
435994.1485,5914465,175.1972,22.71436,3.17188,128
439994.1485,5914465,176.57252,8.01341,0.39063,96.23477
443994.1485,5914465,179.65714,15.00364,0.07813,122.76502
447994.1485,5914465,187.30349,9.17853,0.10938,96.28953
451994.1485,5914465,162.78936,7.8515,0,94.36824
455994.1485,5914465,140.49604,7.05487,0,103.5191
459994.1485,5914465,137.30241,5.52637,0,86.03579
463994.1485,5914465,159.80023,8.20863,0,111.21211
467994.1485,5914465,184.36266,5.55249,0,98.76945
471994.1485,5914465,145.77391,4.67731,0.26563,70.60215
475994.1485,5914465,148.25512,3.886,0.70313,90.6068
479994.1485,5914465,154.18952,3.65231,0.09375,114.06549
483994.1485,5914465,142.40396,4.37708,0,100.51594
487994.1485,5914465,156.7743,3.66002,0,107.19168
491994.1485,5914465,175.59123,2.98896,0.0625,116.34797
495994.1485,5914465,190.19596,4.55283,0,115.12337
499994.1485,5914465,159.44457,4.55283,0.125,94.88984
503994.1485,5914465,205.67081,4.57546,0.01563,123.43551
507994.1485,5914465,195.08874,3.42216,0,123.34711
511994.1485,5914465,156.59068,2.77327,0.09375,110.20594
515994.1485,5914465,146.97636,2.89898,0,121.43882
343994.1485,5910465,93.13393,27.2387,12,128
347994.1485,5910465,121.11122,28.49852,10.9375,128
351994.1485,5910465,175.65093,28.03842,6.14063,128
355994.1485,5910465,62.94961,36.75933,10.85938,128
359994.1485,5910465,63.77046,26.10286,11.98438,128
363994.1485,5910465,97.76786,24.10511,11.89063,128
367994.1485,5910465,102.60528,17.04923,12,128
371994.1485,5910465,61.74515,27.49384,12,128
375994.1485,5910465,36.22193,27.98884,12,128
379994.1485,5910465,86.2771,26.0484,11.67188,128
383994.1485,5910465,95.08036,16.95001,10.125,128
387994.1485,5910465,182.20078,11.4356,2.73438,128
391994.1485,5910465,168.80101,26.56186,2.20313,128
395994.1485,5910465,125.17422,16.72942,4.35938,128
399994.1485,5910465,182.42298,3.49324,0.07813,128
403994.1485,5910465,183.55559,8.241,0.5,128
407994.1485,5910465,175.21064,6.1539,1.79688,128
411994.1485,5910465,185.36413,11.36147,1.26786,128
415994.1485,5910465,194.01242,16.5436,0.6875,128
419994.1485,5910465,162.72298,26.39317,7.39063,128
423994.1485,5910465,106.58463,31.86615,9.70313,128
427994.1485,5910465,183.55637,22.00934,5.04688,128
431994.1485,5910465,168.5625,35.95605,5.45313,128
435994.1485,5910465,91.54798,43.17066,6.5625,128
439994.1485,5910465,183.42104,16.28078,2.1875,128
443994.1485,5910465,193.93439,5.08518,0.125,117.2927
447994.1485,5910465,105.45831,6.759,0.0625,51.85633
451994.1485,5910465,82.43377,6.02951,0,49.83257
455994.1485,5910465,151.59736,4.77033,0,96.08082
459994.1485,5910465,168.633,6.93487,0,121.34196
463994.1485,5910465,201.36056,11.5957,0,126.00419
467994.1485,5910465,185.73944,6.48872,0.45313,97.07849
471994.1485,5910465,162.25994,6.48022,0.98438,74.7908
475994.1485,5910465,166.67321,6.1443,0.71875,60.83579
479994.1485,5910465,147.05955,3.3426,0.23438,90.24748
483994.1485,5910465,147.04977,3.3426,0.03125,107.17733
487994.1485,5910465,154.45986,4.18609,0,94.72857
491994.1485,5910465,138.908,3.13217,0.07813,93.37877
495994.1485,5910465,151.54581,2.65589,0.03125,90.5852
499994.1485,5910465,134.69084,3.03579,0.0625,72.81335
503994.1485,5910465,159.79348,4.00416,0,90.31033
507994.1485,5910465,160.04713,3.14448,0,100.81335
511994.1485,5910465,182.91289,2.55207,0,113.95236
515994.1485,5910465,169.19208,2.66344,0,114.36976
347994.1485,5906465,47.89644,28.36278,12,128
351994.1485,5906465,155.97682,21.69557,8.1875,128
355994.1485,5906465,80.40019,33.85765,11.39063,128
359994.1485,5906465,49.00637,28.58733,12,128
363994.1485,5906465,56.11498,27.49712,11.96875,128
367994.1485,5906465,52.37605,20.63362,11.96875,128
371994.1485,5906465,116.73183,24.32849,11.96875,128
375994.1485,5906465,62.87578,26.51828,11.98438,128
379994.1485,5906465,61.95252,33.00711,11.32813,128
383994.1485,5906465,141.48005,17.28349,5.54688,128
387994.1485,5906465,117.38168,32.98855,6.28125,128
391994.1485,5906465,57.07663,22.75976,9.5625,128
395994.1485,5906465,166.34759,7.93315,3.0625,128
399994.1485,5906465,187.2882,9.533,1.46875,128
403994.1485,5906465,152.36832,24.6561,4.96875,128
407994.1485,5906465,139.04309,19.42264,8.0625,128
411994.1485,5906465,196.37508,8.52727,3.91071,128
415994.1485,5906465,190.09821,9.42709,0.14063,128
419994.1485,5906465,193.41607,18.26248,2.32813,128
423994.1485,5906465,146.51786,31.32551,8.6875,128
427994.1485,5906465,117.89526,28.35241,6.15625,128
431994.1485,5906465,204.3587,21.83466,0.90625,128
435994.1485,5906465,155.01553,39.61528,2.0625,128
439994.1485,5906465,110.73036,28.01189,3.98438,128
443994.1485,5906465,138.12337,3.77098,0.21875,118.57729
447994.1485,5906465,80.58401,3.12009,0,35.94099
451994.1485,5906465,76.57795,4.80569,0,76.34884
455994.1485,5906465,175.31537,11.76345,0,123.53307
459994.1485,5906465,203.1927,10.05508,0.01563,126.37248
463994.1485,5906465,201.03307,13.59785,0,116.96417
467994.1485,5906465,194.65287,13.59785,0.70313,95.99317
471994.1485,5906465,186.96584,13.0991,0.46875,74.30423
475994.1485,5906465,172.02516,8.09088,0.03125,80.43645
479994.1485,5906465,147.17469,6.38943,0.67188,93.59882
483994.1485,5906465,153.04239,5.32894,0.15625,94.99286
487994.1485,5906465,173.06366,3.95639,0,79.91262
491994.1485,5906465,142.88517,2.75686,0,100.5014
495994.1485,5906465,162.217,3.22789,0,78.67239
499994.1485,5906465,113.30466,3.96131,0,61.87616
503994.1485,5906465,138.18292,4.47883,0,79.85268
507994.1485,5906465,144.02252,3.82835,0,95.12943
511994.1485,5906465,161.45427,3.38591,0,94.61822
515994.1485,5906465,151.20373,3.30393,0,107.78459
347994.1485,5902465,75.19097,26.85795,11.88889,128
351994.1485,5902465,117.43684,29.64365,11.125,128
355994.1485,5902465,140.84876,26.86959,9.17188,128
359994.1485,5902465,62.71211,28.36835,11.79688,128
363994.1485,5902465,33.58874,24.72188,12,128
367994.1485,5902465,31.7972,22.88846,11.98438,128
371994.1485,5902465,69.68412,19.67901,11.9375,128
375994.1485,5902465,156.73618,25.13629,10.54688,128
379994.1485,5902465,150.85466,24.49991,7.3125,128
383994.1485,5902465,93.65846,32.92928,9.60938,128
387994.1485,5902465,45.26366,30.0252,11.84375,128
391994.1485,5902465,109.22562,26.64436,8.125,128
395994.1485,5902465,88.54014,41.14527,6.8125,128
399994.1485,5902465,99.89425,30.13733,6.51563,128
403994.1485,5902465,53.63199,27.46556,9.45313,128
407994.1485,5902465,61.60575,25.15414,10.39063,128
411994.1485,5902465,156.69472,15.93308,5.78571,128
415994.1485,5902465,205.05256,14.84506,0.92188,128
419994.1485,5902465,200.91304,10.59615,0.34375,128
423994.1485,5902465,192.7354,14.62236,2.48438,128
427994.1485,5902465,152.00008,36.93849,5.9375,128
431994.1485,5902465,145.07399,15.42889,5.57813,128
435994.1485,5902465,189.15831,33.10441,0.4375,128
439994.1485,5902465,103.88905,29.73753,3.89063,128
443994.1485,5902465,87.75784,5.70897,0.46875,119.66238
447994.1485,5902465,82.69293,5.7886,0,45.67586
451994.1485,5902465,79.49992,5.7886,0,52.66195
455994.1485,5902465,180.14425,13.5363,0.07813,118.68352
459994.1485,5902465,208.33354,11.4847,0.5625,120.35326
463994.1485,5902465,172.0552,13.3978,1.01563,94.31477
467994.1485,5902465,148.88362,8.94608,0.9375,77.74543
471994.1485,5902465,143.51584,11.15414,0.875,56.35777
475994.1485,5902465,155.70155,9.98849,0.125,46.81766
479994.1485,5902465,139.47888,7.30313,0.20313,86.81009
483994.1485,5902465,144.19208,4.65154,0.17188,102.61082
487994.1485,5902465,140.61172,6.05331,0,65.11734
491994.1485,5902465,175.86343,5.31308,0.04688,70.38121
495994.1485,5902465,156.70388,4.52016,0,75.87318
499994.1485,5902465,132.70497,4.42888,0,75.15313
503994.1485,5902465,119.42671,3.89279,0.03125,105.04527
507994.1485,5902465,194.51398,5.78441,0,112.25117
511994.1485,5902465,174.85217,4.69986,0,97.79259
515994.1485,5902465,170.57911,3.56081,0,88.95859
351994.1485,5898465,77.21661,29.84759,11.98361,128
355994.1485,5898465,39.97392,27.45619,11.90625,128
359994.1485,5898465,134.94684,20.86725,10.5,128
363994.1485,5898465,119.24522,21.23404,11.95313,128
371994.1485,5898465,53.21954,26.33463,12,128
375994.1485,5898465,93.41106,20.72051,11.70313,128
379994.1485,5898465,130.39475,29.58907,10.46875,128
383994.1485,5898465,54.48873,30.19513,12,128
387994.1485,5898465,105.19475,22.31935,10.59375,128
391994.1485,5898465,122.3267,26.66118,8.875,128
395994.1485,5898465,85.31227,39.03145,9.45313,128
399994.1485,5898465,79.52477,30.61638,8.78125,128
403994.1485,5898465,92.88773,36.08572,9.76563,128
407994.1485,5898465,38.551,29.22131,11.15625,128
411994.1485,5898465,103.21782,24.77527,9.44643,128
415994.1485,5898465,158.32454,29.78925,6.34375,128
419994.1485,5898465,184.88719,12.40292,0.71875,128
423994.1485,5898465,199.56983,7.46711,0.04688,128
427994.1485,5898465,183.62384,35.95466,2.17188,128
431994.1485,5898465,96.66474,24.78667,8.32813,128
435994.1485,5898465,188.60972,24.78667,0.73438,127.8288
439994.1485,5898465,136.47323,6.38387,0.21875,125.82741
443994.1485,5898465,124.23565,11.56017,0.03125,112.58485
447994.1485,5898465,140.04915,18.96102,0,112.78672
451994.1485,5898465,160.74969,24.86126,0.40625,104.89965
455994.1485,5898465,142.55417,24.09438,0.82813,94.97283
459994.1485,5898465,196.79182,13.30057,0.79688,93.77948
463994.1485,5898465,164.5608,10.77599,1.5625,75.1304
467994.1485,5898465,153.80548,13.75023,0.9375,51.49379
471994.1485,5898465,120.80602,10.06846,0.09375,64.99604
475994.1485,5898465,144.68434,8.84938,0,102.77193
479994.1485,5898465,168.36281,6.30194,0,121.73535
483994.1485,5898465,175.62114,5.6745,0.125,101.48816
487994.1485,5898465,182.02122,5.08559,0.03125,78.27403
491994.1485,5898465,185.31497,7.20679,0.45313,106.08121
495994.1485,5898465,189.63356,8.86779,0.14063,119.74816
499994.1485,5898465,187.76042,10.25242,0,115.41487
503994.1485,5898465,158.09853,6.17799,0,97.82333
507994.1485,5898465,149.4159,4.62006,0.03125,87.60349
511994.1485,5898465,168.6311,6.26061,0,90.46865
515994.1485,5898465,141.77577,5.65121,0,70.25967
359994.1485,5894465,122.89022,19.41702,11.81034,128
363994.1485,5894465,71.59227,18.26158,11.95313,128
379994.1485,5894465,58.13312,26.12396,11.94737,128
383994.1485,5894465,55.4137,23.11184,12,128
387994.1485,5894465,105.98043,33.8358,11.8125,128
391994.1485,5894465,90.55939,26.87101,11.28125,128
395994.1485,5894465,88.72803,29.94936,10.96875,128
399994.1485,5894465,75.97252,26.70655,11.57813,128
403994.1485,5894465,57.68618,33.38834,11.78125,128
407994.1485,5894465,37.32228,35.3864,11.70313,128
411994.1485,5894465,91.27508,37.97282,9.44643,128
415994.1485,5894465,124.91304,27.68818,5.90625,128
419994.1485,5894465,152.41708,27.68818,4.60938,128
423994.1485,5894465,182.03789,30.50862,0.29688,128
427994.1485,5894465,196.10737,11.50995,0.08929,128
431994.1485,5894465,165.74239,12.84726,0.57813,128
435994.1485,5894465,120.13571,9.85056,0.03125,124.84538
439994.1485,5894465,154.0382,16.30507,0,124.06475
443994.1485,5894465,185.17562,16.41828,0,126.42849
447994.1485,5894465,140.96359,32.15638,1.35938,128
451994.1485,5894465,190.60272,35.56636,2.0625,128
455994.1485,5894465,187.31545,26.56782,4.95313,124.35831
459994.1485,5894465,179.25311,19.5807,2.84375,88.81015
463994.1485,5894465,135.46825,10.30575,1.84375,63.42143
467994.1485,5894465,134.16219,9.28778,0.70313,49.36347
471994.1485,5894465,118.85652,9.78824,0.53125,106.61289
475994.1485,5894465,184.29363,6.43557,0.07813,121.9441
479994.1485,5894465,180.41778,7.42059,0,125.88203
483994.1485,5894465,199.54177,8.16894,0,118.56576
487994.1485,5894465,171.9139,5.65898,0.09375,72.55423
491994.1485,5894465,151.48028,4.50782,0.54688,68.29658
495994.1485,5894465,186.28362,7.6335,0.65625,110.32738
499994.1485,5894465,191.36017,13.52291,0.14063,113.56867
503994.1485,5894465,159.91227,11.60029,0.23438,102.09849
507994.1485,5894465,143.82531,6.26064,0.04688,82.86005
511994.1485,5894465,155.21141,4.42833,0,81.30963
515994.1485,5894465,129.17725,4.05808,0.03125,81.76704
363994.1485,5890465,31.74584,7.74711,12,128
383994.1485,5890465,66.28812,24.69515,12,128
387994.1485,5890465,90.38463,20.62032,12,128
391994.1485,5890465,58.58098,30.96686,12,128
395994.1485,5890465,51.03766,29.43112,11.875,128
399994.1485,5890465,46.04464,25.82747,12,128
403994.1485,5890465,112.3705,25.82747,11.09375,128
407994.1485,5890465,65.1323,37.9791,11,128
411994.1485,5890465,62.6928,34.34024,11.45455,128
431994.1485,5890465,179.55576,6.30834,0,127.29317
435994.1485,5890465,114.02003,3.23935,0,124.8262
439994.1485,5890465,93.55179,27.53178,1.625,128
443994.1485,5890465,192.85536,31.79515,1.82813,127.63373
447994.1485,5890465,172.64752,21.7362,0.64063,126.58257
451994.1485,5890465,115.22935,35.86305,3.42188,128
455994.1485,5890465,191.35846,30.04052,3.51563,128
459994.1485,5890465,205.78773,22.48387,3,121.69214
463994.1485,5890465,159.99231,17.83352,2.70313,85.96972
467994.1485,5890465,144.4097,7.77709,1.71875,56.17333
471994.1485,5890465,168.6778,11.34613,1.51563,96.42698
475994.1485,5890465,197.59301,12.75402,0.60938,120.67636
479994.1485,5890465,195.95287,6.75005,0.03125,122.28456
483994.1485,5890465,172.59301,6.02174,0,108.20058
487994.1485,5890465,173.73292,6.24418,0.07813,111.87562
491994.1485,5890465,147.65586,4.56971,0.4375,117.56234
495994.1485,5890465,139.5387,4.59941,0.51563,79.84634
499994.1485,5890465,147.41281,7.63087,0.01563,97.00054
503994.1485,5890465,163.02209,12.03505,0.04688,106.26638
507994.1485,5890465,176.25027,11.16048,0.51563,109.09084
511994.1485,5890465,155.29651,5.57827,0.14063,93.38451
515994.1485,5890465,143.61374,4.37422,0.03125,95.11091
431994.1485,5886465,187.85996,9.1796,0,125.83467
435994.1485,5886465,55.90047,3.07465,0,126.03106
439994.1485,5886465,49.24627,6.49741,0.06944,128
443994.1485,5886465,59.33983,33.92937,4.26389,128
447994.1485,5886465,151.54255,34.73499,4.69444,127.18304
451994.1485,5886465,154.99953,31.76483,2.26389,128
455994.1485,5886465,139.42888,34.32743,2.22222,128
459994.1485,5886465,190.6538,27.23019,4.15278,127.99514
463994.1485,5886465,200.99666,19.06229,2.41667,100.64433
467994.1485,5886465,139.08319,12.8523,2.68056,79.00974
471994.1485,5886465,141.60031,11.2941,2.30556,86.58234
475994.1485,5886465,166.14045,10.77143,1.59722,96.2672
479994.1485,5886465,187.47842,13.00066,0.59722,101.78346
483994.1485,5886465,156.51514,11.65251,0.13889,82.8212
487994.1485,5886465,168.27539,10.34946,0.11111,89.63983
491994.1485,5886465,134.19538,7.69457,0.54167,87.14849
495994.1485,5886465,127.64313,6.7737,0.88889,87.56549
499994.1485,5886465,87.32997,7.07834,0.625,61.94981
503994.1485,5886465,136.83082,8.76084,0.11111,88.73781
507994.1485,5886465,146.38824,9.73607,0.30556,101.03358
511994.1485,5886465,187.22166,10.49371,0.65278,113.19498
515994.1485,5886465,182.11615,5.71794,0.375,118.05641
431994.1485,5882465,75.54082,6.56648,0,124.95027
435994.1485,5882465,92.78758,18.35583,0.03125,127.83215
439994.1485,5882465,49.90101,10.57277,0,128
443994.1485,5882465,49.98401,13.84639,0.09375,128
447994.1485,5882465,52.34255,30.94353,4.8125,128
451994.1485,5882465,113.94845,36.08987,7.10938,128
455994.1485,5882465,167.11793,28.0574,3.6875,128
459994.1485,5882465,136.46545,25.29427,5.8125,128
463994.1485,5882465,188.78843,26.67692,5.34375,127.10879
467994.1485,5882465,144.64589,21.49041,3.59375,81.92168
471994.1485,5882465,85.64573,17.40726,2.5625,42.19055
475994.1485,5882465,167.6361,16.30045,2.3125,111.01813
479994.1485,5882465,160.0441,11.67022,1.71875,85.93199
483994.1485,5882465,173.99557,14.21487,1.5625,116.18664
487994.1485,5882465,163.19961,9.42378,1.09375,109.95141
491994.1485,5882465,121.97143,7.47021,0.9375,103.28691
495994.1485,5882465,121.44674,8.01755,0.90625,86.29371
499994.1485,5882465,100.2097,4.36882,1.78125,92.01184
503994.1485,5882465,109.59946,5.59503,1.53125,82.80797
507994.1485,5882465,134.38195,5.32412,1.46875,94.90824
511994.1485,5882465,118.91048,6.82304,1.20313,78.20078
515994.1485,5882465,153.42814,10.60801,0.6875,95.38797
431994.1485,5878465,182.06093,47.69717,0,128
435994.1485,5878465,117.2522,36.74631,4.05,128
439994.1485,5878465,83.14146,34.3222,3.09375,128
443994.1485,5878465,48.21234,20.87481,0.01563,128
447994.1485,5878465,49.94503,24.23527,1.95313,128
451994.1485,5878465,48.79348,29.04347,5.34375,128
455994.1485,5878465,64.36685,39.32944,9.73438,128
459994.1485,5878465,105.08269,31.29046,6.5,128
463994.1485,5878465,85.13269,36.49442,7.375,128
467994.1485,5878465,77.95726,35.47995,8.59375,126.91902
471994.1485,5878465,78.3382,23.58894,4.32813,69.48703
475994.1485,5878465,94.94231,15.31438,2.20313,88.37915
479994.1485,5878465,168.92453,11.11328,2.07813,119.72135
483994.1485,5878465,160.26887,8.30852,1.79688,118.55256
487994.1485,5878465,187.30311,9.77477,2.04688,124.57609
491994.1485,5878465,195.93152,13.26249,1.0625,112.39596
495994.1485,5878465,143.18525,6.44395,1.20313,113.58404
499994.1485,5878465,153.81669,6.11683,1.64063,98.99375
503994.1485,5878465,126.59814,6.4273,1.70313,88.02888
507994.1485,5878465,115.11005,4.6452,1.07813,78.16887
511994.1485,5878465,126.16518,3.56239,0.89063,81.26315
515994.1485,5878465,105.45714,6.06836,0.5625,97.84301
435994.1485,5874465,147.74813,34.29071,4.71875,128
439994.1485,5874465,126.94534,31.63709,6.78125,128
443994.1485,5874465,99.71134,36.56465,2.53125,128
447994.1485,5874465,46.39464,33.00966,1.875,128
451994.1485,5874465,48.97399,21.65587,0.53125,128
455994.1485,5874465,48.33556,32.04052,4.95313,128
459994.1485,5874465,58.26995,36.29055,8.98438,128
463994.1485,5874465,83.46669,38.13984,9.59375,128
467994.1485,5874465,65.29332,32.72373,10.39063,128
471994.1485,5874465,65.31755,32.71169,8.5,128
475994.1485,5874465,64.26281,33.66828,7.6875,119.00462
479994.1485,5874465,160.3948,15.38532,2.875,115.00922
483994.1485,5874465,206.18245,11.37795,3.42188,127.98533
487994.1485,5874465,200.26615,12.97612,2.29688,128
491994.1485,5874465,199.05815,12.01375,1.45313,127.34899
495994.1485,5874465,207.06281,13.71218,1.60938,127.98542
499994.1485,5874465,183.77787,8.82794,2.0625,105.85342
503994.1485,5874465,117.26599,7.54134,1.75,98.84022
507994.1485,5874465,142.38043,5.65954,1.35938,90.12061
511994.1485,5874465,124.06118,7.66877,1.17188,100.94715
439994.1485,5870465,160.28454,37.15854,5.77551,128
443994.1485,5870465,147.78478,33.45306,7.57813,128
447994.1485,5870465,68.26304,38.28654,6.17188,128
451994.1485,5870465,45.5316,41.66742,6.21875,128
455994.1485,5870465,48.18672,17.56905,0.65625,128
459994.1485,5870465,50.11576,32.62254,3.76563,128
463994.1485,5870465,39.7691,45.50198,7.01563,128
467994.1485,5870465,93.34332,33.9551,9.20313,128
471994.1485,5870465,158.0111,20.99101,7.32813,128
475994.1485,5870465,134.24977,22.15393,5.1875,127.24707
479994.1485,5870465,114.00722,28.1946,4.07813,121.74282
483994.1485,5870465,127.30497,24.19986,7.03125,128
487994.1485,5870465,173.05194,19.60195,4.98438,127.99508
491994.1485,5870465,207.18028,14.13724,2.35938,127.99508
495994.1485,5870465,206.03261,14.43895,2.8125,128
499994.1485,5870465,206.25062,14.87978,2.875,126.57234
503994.1485,5870465,184.28113,10.41208,2.14063,119.52258
507994.1485,5870465,175.58626,6.93318,1.76563,121.15215
511994.1485,5870465,148.32329,11.48775,1.3125,117.80534
443994.1485,5866465,96.83486,39.98358,10.30612,128
447994.1485,5866465,169.99452,31.14691,6.20313,128
451994.1485,5866465,136.6713,31.28838,5.29688,128
455994.1485,5866465,56.09174,40.09859,6.59375,128
459994.1485,5866465,84.14344,24.12418,2.95313,128
463994.1485,5866465,45.85023,29.84056,2.73438,128
467994.1485,5866465,41.70826,41.86622,8.46875,128
471994.1485,5866465,60.3652,29.54093,8.84375,128
475994.1485,5866465,145.43318,21.50366,6.73438,120.83284
479994.1485,5866465,139.1909,21.73574,4.90625,98.78747
483994.1485,5866465,139.90984,19.90479,5.09375,118.6816
487994.1485,5866465,172.56983,23.80043,6.25,128
491994.1485,5866465,161.66358,24.43637,5.53125,128
495994.1485,5866465,165.01204,18.30935,6.1875,127.99514
499994.1485,5866465,198.78873,15.68008,3.39063,128
503994.1485,5866465,199.28696,12.75694,2.75,126.27263
507994.1485,5866465,210.00772,11.58618,1.70313,127.99505
447994.1485,5862465,93.31152,36.16475,8.88889,128
451994.1485,5862465,174.22778,30.53137,5.19355,128
455994.1485,5862465,128.96693,31.81409,7.73438,128
459994.1485,5862465,77.00148,38.43429,9.04688,128
463994.1485,5862465,65.53983,28.52938,3.20313,128
467994.1485,5862465,127.46366,28.84495,2.73438,128
471994.1485,5862465,50.40885,39.29668,9.01563,128
475994.1485,5862465,50.31429,31.79463,10.26563,128
479994.1485,5862465,105.48505,20.25259,7.98438,124.65985
483994.1485,5862465,149.35967,13.72276,4.82813,121.28121
487994.1485,5862465,152.854,16.1264,6.71875,127.79429
491994.1485,5862465,165.00621,12.95444,6.625,127.77651
495994.1485,5862465,160.37562,22.35395,5.5,127.30342
499994.1485,5862465,187.67609,17.45999,5.14063,127.97321
503994.1485,5862465,173.73688,10.33319,2.59375,127.09722
451994.1485,5858465,71.45644,43.71419,5.33333,128
455994.1485,5858465,92.12274,36.64315,10.06557,128
459994.1485,5858465,101.51778,33.56693,9.60938,128
463994.1485,5858465,87.07422,39.06381,7.875,128
467994.1485,5858465,166.07182,24.23303,3.15625,128
471994.1485,5858465,105.49208,29.07759,4.40625,128
475994.1485,5858465,44.12135,40.19691,9.3125,128
479994.1485,5858465,68.76118,26.01071,9.32813,128
483994.1485,5858465,141.55085,13.94938,8.35938,128
487994.1485,5858465,187.77108,10.50674,5.15625,127.61456
491994.1485,5858465,182.17306,8.23145,3.70313,127.54957
495994.1485,5858465,162.67508,9.73604,3.09375,127.94333
499994.1485,5858465,181.00411,15.76581,3.0625,126.89181
459994.1485,5854465,83.64467,39.55788,11.27273,128
463994.1485,5854465,126.19236,33.42879,8.75,128
467994.1485,5854465,115.67911,36.61703,8.32813,128
471994.1485,5854465,101.24744,28.17608,9.32813,128
475994.1485,5854465,144.49658,21.68624,3.29688,128
479994.1485,5854465,71.88851,36.08068,5.79688,128
483994.1485,5854465,59.62228,35.83511,8.29688,128
487994.1485,5854465,90.58634,21.26465,9.07813,128
491994.1485,5854465,162.21429,8.43202,6.90625,128
495994.1485,5854465,166.56186,7.57152,4.61667,128
467994.1485,5850465,147.29159,27.49239,10.02703,128
471994.1485,5850465,68.25205,35.73532,11.38298,128
475994.1485,5850465,136.79834,32.5135,4.58621,128
479994.1485,5850465,106.78011,31.62149,8.33333,128
483994.1485,5850465,149.23509,27.43543,6.45283,128
